name	lhs_probe	rhs_probe	gap_probe_sequence	gene	index	gapfill_from_transcriptome	gapfill_start	gapfill_end	LHS_barcode	RHS_barcode	gapfill_from_genome	overlaps_within_set	overlaps_with_flex	source	nonmutated_lhs_probe	nonmutated_rhs_probe
PIK3CA c.1636C>A_LHS_0	GACTCCATAGAAAATCTTTCTCCTT	CTCAGTGATTTCAGAGAGAGGATCT		PIK3CA	0				AGA	AGA	not_found	6	0	make_0bp_genotyping_probes_lhs		
INPPL1 c.209G>A_LHS_0	AAATCTTCTCCATCAGGCAGAATGT	GATACGTGTGCACATGCTTCTGATA		INPPL1	1				CAC	CAC	not_found	6	0	make_0bp_genotyping_probes_lhs		
PIK3CA c.2908G>A_LHS_0	CAAATTCTCTTGTCTTTGTGCATTT	TTGGGCTCCTTTACTAATCACTATT		PIK3CA	2				AGA	TAG	not_found	6	0	make_0bp_genotyping_probes_lhs		
MSH6 c.1168G>A_LHS_0	CATAGAGTGTAGATGCATCAAAATT	GGGGTGATCAGGCCTCCTCCTGTGC		MSH6	3				TAG	TAG	not_found	6	0	make_0bp_genotyping_probes_lhs		
KRAS c.34G>T_LHS_0	TCAAGGCACTCTTGCCTACGCCACA	AGCTCCAACTACCACAAGTTTATAT		KRAS	4				AGA	TAG	not_found	6	0	make_0bp_genotyping_probes_lhs		
PIK3CA c.3141T>A_LHS_0	CATTTTTGTTGTCCAGCCACCATGT	TGTGCATCATTCATTTGTTTCATGA		PIK3CA	5				TAG	CAC	not_found	6	0	make_0bp_genotyping_probes_lhs		
BRAF c.1799T>A_LHS_0	TGGGACCCACTCCATCGAGATTTCT	CTGTAGCTAGACCAAAATCACCTAT		BRAF	6				TAG	AGA	not_found	6	0	make_0bp_genotyping_probes_lhs		
TP53 c.817C>*_both	TCTCTCCCAGGACAGGCACAAACAC	CACCTCAAAGCTGTTCCGTCCCAGT		TP53	7	G	817	817	TAG	TAG	G	7	0	make_0bp_genotyping_probes_lhs		
SF3B1 c.2098A>G_LHS_0	CCAAAGCACTGATGGTCCGAACTTC	CTGCTGCTCATCCACAAGACCATGT		SF3B1	8				CAC	AGA	not_found	6	0	make_0bp_genotyping_probes_lhs		
EGFR c.2573T>G_LHS_0	TCTTCCGCACCCAGCAGTTTGGCCC	GCCCAAAATCTGTGATCTTGACATG		EGFR	9				TAG	TAG	not_found	6	0	make_0bp_genotyping_probes_lhs		
TP53 c.742C>T_LHS_0	TGATGATGGTGAGGATGGGCCTCCA	GTTCATGCCGCCCATGCAGGAACTG		TP53	10				AGA	CAC	not_found	6	0	make_0bp_genotyping_probes_lhs		
NRAS c.181C>A_LHS_0	CTCTCATGGCACTGTACTCTTCTTT	TCCAGCTGTATCCAGTATGTCCAAC		NRAS	11				AGA	CAC	not_found	6	0	make_0bp_genotyping_probes_lhs		
U2AF1 c.101C>*_both	AAACGTCGGTTTATTGTGCAACCGA	AGCACCTGTCTCCATGACGACATGC		U2AF1	12	G	101	101	TAG	CAC	G	7	0	make_0bp_genotyping_probes_lhs		
TP53 c.1024C>T_LHS_0	GTTCCAAGGCCTCATTCAGCTCTCA	GAACATCTCGAAGCGCTCACGCCCA		TP53	13				AGA	CAC	not_found	6	0	make_0bp_genotyping_probes_lhs		
NRAS c.34G>T_LHS_0	TCAGTGCGCTTTTCCCAACACCACA	TGCTCCAACCACCACCAGTTTGTAC		NRAS	14				TAG	TAG	not_found	6	0	make_0bp_genotyping_probes_lhs		
AR c.2105T>A_LHS_0	TCTCCCAGTTCATTGAGGCTAGAGT	GCAAGGCTGCAAAGGAGTCGGGCTG		AR	15				TAG	CAC	not_found	6	0	make_0bp_genotyping_probes_lhs		
FGFR3 c.746C>G_LHS_0	GCCTGCAGGATGGGCCGGTGCGGGC	AGCGCTCCAGCACGTCCAGCGTGTA		FGFR3	16				CAC	AGA	not_found	6	0	make_0bp_genotyping_probes_lhs		
KRAS c.183A>C_LHS_0	GTCCCTCATTGCACTGTACTCCTCG	TGACCTGCTGTGTCGAGAATATCCA		KRAS	17				AGA	AGA	not_found	6	0	make_0bp_genotyping_probes_lhs		
TP53 c.916C>T_LHS_0	AGCTGGTGTTGTTGGGCAGTGCTCA	CTTAGTGCTCCCTGGGGGCAGCTCG		TP53	18				CAC	CAC	not_found	6	0	make_0bp_genotyping_probes_lhs		
APC c.4348C>T_LHS_0	GTGCTTTATTTTTAGGTACTTCTCA	CTTGGTTTGAGCTGTTTGAGGAGGT		APC	19				TAG	AGA	not_found	6	0	make_0bp_genotyping_probes_lhs		
MYD88 c.794T>C_LHS_0	ATTGCCTTGTACTTGATGGGGATCG	GTCGCTTCTGATGGGCACCTGGAGA		MYD88	20				TAG	AGA	not_found	6	0	make_0bp_genotyping_probes_lhs		
PIK3CA c.1035T>A_LHS_0	CTTATCAATGTCTCGAATATTTACT	TTCACGTAGGTTGCACAAAGAATTT		PIK3CA	21				CAC	AGA	not_found	6	0	make_0bp_genotyping_probes_lhs		
CDKN2A c.238C>T_LHS_0	GGCGCAGTTGGGCTCCGCGCCGTGA	AGCAGCAGCAGCTCCGCCACTCGGG		CDKN2A	22				AGA	CAC	not_found	6	0	make_0bp_genotyping_probes_lhs		
CTNNB1 c.122C>T_LHS_0	TTACCACTCAGAGAAGGAGCTGTGA	TAGTGGCACCAGAATGGATTCCAGA		CTNNB1	23				CAC	CAC	not_found	6	0	make_0bp_genotyping_probes_lhs		
GNAS c.602G>A_LHS_0	TCAAAGATTCCAGAAGTCAGGACAT	GGCAGCGAAGCAGGTCCTGATCGCT		GNAS	24				AGA	AGA	not_found	6	0	make_0bp_genotyping_probes_lhs		
PIK3CA c.263G>A_LHS_0	TGAAAAAGCCGAAGGTCACAAAGTT	GTCTTGTTTCATCAAAAAATTCTTC		PIK3CA	25				TAG	TAG	not_found	6	0	make_0bp_genotyping_probes_lhs		
FBXW7 c.1393C>T_LHS_0	TTTTTTCATGAAGATGCATACAACA	CACAGTGGAAGTATGCCCATATAAG		FBXW7	26				AGA	CAC	not_found	6	0	make_0bp_genotyping_probes_lhs		
PTEN c.388C>*_both	TATGCACATATCATTACACCAGTTC	TCCCTTTCCAGCTTTACAGTGAATT		PTEN	27	G	388	388	AGA	TAG	G	7	0	make_0bp_genotyping_probes_lhs		
APC c.2626C>T_LHS_0	CAGTGGTGGAGATCTGCAAACCTCA	CTTTGAAGAAGTTCCTGGATTTTCT		APC	28				AGA	CAC	not_found	6	0	make_0bp_genotyping_probes_lhs		
SMAD4 c.1082G>A_LHS_0	TTGGAGAGTTGACCCAAACAAAAGT	GATCTCCTCCAGAAGGGTCCACGTA		SMAD4	29				CAC	TAG	not_found	6	0	make_0bp_genotyping_probes_lhs		
TP53 c.405insC_LHS_0	ACAGGGCAGGTCTTGGCCAGTTGGG	CAAAACATCTTGTTGAGGGCAGGGG		TP53	30				CAC	TAG	not_found	6	0	make_0bp_genotyping_probes_lhs		
CDKN2A c.172C>T_LHS_0	GACCTGGTCTTCTAGGAAGCGGCTA	CTGCCCTAGACGCTGGCTCCTCAGT		CDKN2A	31				AGA	TAG	not_found	6	0	make_0bp_genotyping_probes_lhs		
PIK3CA c.1258T>C_LHS_0	TTATATTTCCCCATGCCAATGGACG	GTGTTCCTCTTTAGCACCCTTTCGG		PIK3CA	32				TAG	CAC	not_found	6	0	make_0bp_genotyping_probes_lhs		
IDH2 c.515G>A_LHS_0	TTGTACTGGTCGCCATGGGCGTGCT	TGCCAATGGTGATGGGCTTGGTCCA		IDH2	33				CAC	CAC	not_found	6	0	make_0bp_genotyping_probes_lhs		
SF3B1 c.1998G>T_LHS_0	AAGAATAGCTATCTGTTGTACAATA	TTAATACCAGTGTGTCTCGCTTGCC		SF3B1	34				AGA	CAC	not_found	6	0	make_0bp_genotyping_probes_lhs		
PIK3CA c.2176G>A_LHS_0	ACTTCATCTGTACCTTTTGTGTTTT	ATCCTTCTTCTCCTGTTTGAGAATG		PIK3CA	35				TAG	CAC	not_found	6	0	make_0bp_genotyping_probes_lhs		
APC c.646C>T_LHS_0	TTTGCTGAATTCTGGCTATTCTTCA	CTGTGCTCGTTTTTCCATATCCTGG		APC	36				CAC	AGA	not_found	6	0	make_0bp_genotyping_probes_lhs		
EGFR c.2369C>T_LHS_0	AGGCAGCCGAAGGGCATGAGCTGCA	TGATGAGCTGCACGGTGGAGGTGAG		EGFR	37				AGA	TAG	not_found	6	0	make_0bp_genotyping_probes_lhs		
APC c.3340C>T_LHS_0	TAATTCCATGATTAGAACCCACTCA	ATTTGTTTCTGAACCATTGGCTCCC		APC	38				CAC	CAC	not_found	6	0	make_0bp_genotyping_probes_lhs		
SF3B1 c.1873C>T_LHS_0	CAAAAGCTCTAGCTGTTGTGTTACA	GACATACTCATCCATGTTATCTATA		SF3B1	39				AGA	CAC	not_found	6	0	make_0bp_genotyping_probes_lhs		
XPO1 c.1711G>A_LHS_0	CATCATGGGTCTCATGCATGAATTT	GAACAGCTTGTTAACTACAGTCTTC		XPO1	40				TAG	AGA	not_found	6	0	make_0bp_genotyping_probes_lhs		
FGFR3 c.1118A>G_LHS_0	ACCCCGTAGCTGAGGATGCCTGCAC	ACACACTGCCCGCCTCGTCAGCCTC		FGFR3	41				TAG	CAC	not_found	6	0	make_0bp_genotyping_probes_lhs		
ERBB2 c.2033G>A_LHS_0	GTGTACTTCCGGATCTTCTGCTGCT	GTCGCTTGATGAGGATCCCAAAGAC		ERBB2	42				CAC	CAC	not_found	6	0	make_0bp_genotyping_probes_lhs		
PIK3CA c.353G>A_LHS_0	CACACTGGCATGCCGATAGCAAAAT	CAATTTCTCGATTGAGGATCTTTTC		PIK3CA	43				AGA	AGA	not_found	6	0	make_0bp_genotyping_probes_lhs		
PIK3CA c.1357G>*_both	ACACCAATAGGGTTCAGCAAATCTT	TAATCCATGAGGTACTGGCCAAAGA		PIK3CA	44	C	1357	1357	TAG	TAG	C	7	0	make_0bp_genotyping_probes_lhs		
PTEN c.697C>T_LHS_0	AGTACATGAACTTGTCTTCCCGTCA	TGTGGGTCCTGAATTGGAGGAATAT		PTEN	45				AGA	AGA	not_found	6	0	make_0bp_genotyping_probes_lhs		
ERBB2 c.2264T>C_LHS_0	GCTTTGGGGGATGTGTTTTCCCTCG	ACACTTTGATGGCCACTGGAATTTT		ERBB2	46				CAC	TAG	not_found	6	0	make_0bp_genotyping_probes_lhs		
TP53 c.328C>T_LHS_0	TCCCAGAATGCAAGAAGCCCAGACA	GAAACCGTAGCTGCCCTGGTAGGTT		TP53	47				AGA	TAG	not_found	6	0	make_0bp_genotyping_probes_lhs		
ARFGEF2 c.1294A>G_LHS_0	AGGCCACACAGAGATATTGCTTGAC	TGCATTGATGAACATCTCGTGAGTC		ARFGEF2	48				TAG	CAC	not_found	6	0	make_0bp_genotyping_probes_lhs		
MGA c.3808T>C_LHS_0	TATGGTTCTCAGGGCTAGAATGACG	TGAAGTTTGCTGCTGAAATGATGGA		MGA	49				TAG	CAC	not_found	6	0	make_0bp_genotyping_probes_lhs		
TTF2 c.382G>A_LHS_0	CTGGTTCTTGATTCTTGTCAAGTAT	CTTGAATGGATTTCTCAGCCAGTTG		TTF2	50				AGA	AGA	not_found	6	0	make_0bp_genotyping_probes_lhs		
LATS1 c.1591C>T_LHS_0	TTGAAGCGGTTCCCTCAGGAAAAGA	ACTGGGTTGAACAGTTTGAATTGGC		LATS1	51				TAG	CAC	not_found	6	0	make_0bp_genotyping_probes_lhs		
ZKSCAN5 c.1566A>G_LHS_0	CATCCTCTTTGAAGATGGTTGTCCC	AGTATCTCTTTCATGGGAATTCCCT		ZKSCAN5	52				CAC	TAG	not_found	6	0	make_0bp_genotyping_probes_lhs		
MFSD12 c.1202G>T_LHS_0	CTCATGGAGCCGTACACGAACGCTA	CGCTGTTCGTGTGGGGACCGATGAG		MFSD12	53				CAC	TAG	not_found	6	0	make_0bp_genotyping_probes_lhs		
SLC23A2 c.1417G>A_LHS_0	ACGCAAAGAGGGCGCTGAACTTCCT	GATCATGCCCAGAGCGAGCATGAGG		SLC23A2	54				AGA	TAG	not_found	6	0	make_0bp_genotyping_probes_lhs		
MKI67 c.8158A>C_LHS_0	CACGTGTCCTGAGATGCCTCTTTGG	GCTTGCTGTGGTGTCTACCACTTCT		MKI67	55				AGA	TAG	not_found	6	0	make_0bp_genotyping_probes_lhs		
TAF1B c.1386G>T_LHS_0	TTTTTTTCCAGCAGTTGCTGTTGAA	TCGACCAGTGTGCTAAATTGTTTCT		TAF1B	56				CAC	TAG	not_found	6	0	make_0bp_genotyping_probes_lhs		
SETD5 c.4131C>T_LHS_0	GTCTGATGGCAATGACGACCTAGAA	TTCTGAGGAAAGGAGGTGGAACTCA		SETD5	57				CAC	AGA	not_found	6	0	make_0bp_genotyping_probes_lhs		
KIF20B c.4945A>G_LHS_0	TCCTCTTCCGAGCCTTGGGAATCTC	AACTGTCACTGGTGTGGTACAACCA		KIF20B	58				TAG	CAC	not_found	6	0	make_0bp_genotyping_probes_lhs		
SACS c.7497C>T_LHS_0	TTCTAAGGCTTTGTGTCGCTTTGGA	ACTGCTCCTAGTTTTACTGCTACTT		SACS	59				AGA	CAC	not_found	6	0	make_0bp_genotyping_probes_lhs		
PLCB3 c.707A>G_LHS_0	TCCAGCGTCAGGTATGGCTTGCCCC	TGGCGCCTATCTCCAGCAGGATCTT		PLCB3	60				CAC	CAC	not_found	6	0	make_0bp_genotyping_probes_lhs		
COX10 c.682C>T_LHS_0	CTAGCAATGGGCTGATCTGTCCACA	AACCAGCGGTCTGTTCTTTGTCCTA		COX10	61				TAG	CAC	not_found	6	0	make_0bp_genotyping_probes_lhs		
SLC39A11 c.168T>C_LHS_0	AACTGCTGGGGCCAGAAGAGACCAG	TAGGAAGCTGCCAACATGACCCCTG		SLC39A11	62				CAC	TAG	not_found	6	0	make_0bp_genotyping_probes_lhs		
MDN1 c.2603C>T_LHS_0	TCAGGATGCCGAACCAGTGGCTCTA	TGTCTCCTCGATCCAGCAACACCAG		MDN1	63				CAC	TAG	not_found	6	0	make_0bp_genotyping_probes_lhs		
ZNF609 c.2601C>T_LHS_0	AGCCCCTTCTTTAACCAACTGTTCA	GCGTCCTTTGATTTGACACTGTCTA		ZNF609	64				CAC	CAC	not_found	6	0	make_0bp_genotyping_probes_lhs		
RNF216 c.1896G>A_LHS_0	ATACAGGATGGTCTGGGGGAGCACT	TTCTCCAGCTCACTGGTTGGGAACG		RNF216	65				TAG	AGA	not_found	6	0	make_0bp_genotyping_probes_lhs		
BRD9 c.66G>A_LHS_0	TAGCTTTAGAGGCTTCTCCAGGGGT	TTGTCGGCATAATCCTCGTAGGACG		BRD9	66				CAC	AGA	not_found	6	0	make_0bp_genotyping_probes_lhs		
TBC1D13 c.66A>G_LHS_0	GCTGAGTTCCCGCAGCTTTTCCAAC	GCAATTGAGGGCTCCTTCAGGACAT		TBC1D13	67				CAC	CAC	not_found	6	0	make_0bp_genotyping_probes_lhs		
TTC19 c.573G>A_LHS_0	AACAGCAAATTCCTGTCTGTTCTGT	GCAGCATAGATACTGGCCAGCTTTA		TTC19	68				AGA	AGA	not_found	6	0	make_0bp_genotyping_probes_lhs		
CCDC88C c.3372G>A_LHS_0	GAGCGCTGCGCTCTGGGAACTCAGT	GTGGAGTTCTCCACCTGCAGCTTGG		CCDC88C	69				TAG	CAC	not_found	6	0	make_0bp_genotyping_probes_lhs		
ARID4A c.2760A>G_LHS_0	TTCACTAGTCAGTTGTTGGATGCAC	TGGTTTGACTCTGCTATCAATGATG		ARID4A	70				TAG	CAC	not_found	6	0	make_0bp_genotyping_probes_lhs		
COPG1 c.663T>C_LHS_0	GTAGGCAAAGGGAGACTTAAGGCCG	TGCCGTGTGACCTTGCTGATCATCT		COPG1	71				CAC	AGA	not_found	6	0	make_0bp_genotyping_probes_lhs		
AKAP9 c.1389G>T_LHS_0	CATTTCTCCCTTATGCCGTGTTTTA	ATTTCCTCCATCTGTGCCATGTGTT		AKAP9	72				TAG	AGA	not_found	6	0	make_0bp_genotyping_probes_lhs		
KMT2C c.8685G>A_LHS_0	TTGAGCAGGTAGTTGAGTGGATGCT	TGAATGACATTTGCACTGGGGCCAG		KMT2C	73				CAC	CAC	not_found	6	0	make_0bp_genotyping_probes_lhs		
SBNO1 c.627G>A_LHS_0	CATGGTTGGGGAAAAACTCCTCATT	TTCATGTCGTTTATCCACATTCTAG		SBNO1	74				TAG	TAG	not_found	6	0	make_0bp_genotyping_probes_lhs		
ANO10 c.799A>G_LHS_0	GTGTCCCCCACCTGTAGGTCATGTC	GGCACAGCCACGCTTCCACAGTTCC		ANO10	75				CAC	AGA	not_found	6	0	make_0bp_genotyping_probes_lhs		
PARP9 c.1444A>G_LHS_0	CCACGTTGAATCCCATCAGATTGAC	GGCAGGAGATCTAGCTTCAAGCCCA		PARP9	76				AGA	CAC	not_found	6	0	make_0bp_genotyping_probes_lhs		
GLB1 c.1824G>C_LHS_0	GATGGTGTTTGGGGCCGAGGTCATG	AGGATGTGCTGGGGCACAAACAAGG		GLB1	77				TAG	AGA	not_found	6	0	make_0bp_genotyping_probes_lhs		
LMTK2 c.3852A>G_LHS_0	GTCGCTGTTTTCGTCCTCCTCGTCC	GCATCCATCCCGTCCTCTGAGAGGT		LMTK2	78				AGA	AGA	not_found	6	0	make_0bp_genotyping_probes_lhs		
NCBP1 c.1428G>A_LHS_0	AATGCAGGTTGGGTTTGCAGGACAT	AGAGCTGAGAAGGTAGGAGGAACAA		NCBP1	79				CAC	AGA	not_found	6	0	make_0bp_genotyping_probes_lhs		
SPN c.879C>T_LHS_0	GTCCACCACCCCGTTACGCTTGCCA	CCTCTGCTCAGCACGAGGGCCCCAG		SPN	80				TAG	TAG	not_found	6	0	make_0bp_genotyping_probes_lhs		
HTT c.8157G>A_LHS_0	CAGTTCTGTCAGCGTCACATACATT	AGCTCAAACTGGTTGCGCTCGGTGA		HTT	81				TAG	AGA	not_found	6	0	make_0bp_genotyping_probes_lhs		
CEP350 c.4336A>G_LHS_0	CACAGATTTGACGTGCTGCGTCTGC	GGTGAGGCGAGCAGTTTCTGACTGC		CEP350	82				CAC	TAG	not_found	6	0	make_0bp_genotyping_probes_lhs		
USP24 c.4029A>G_LHS_0	ACTCCCAACAAGATCAAGCCGTCCC	GCAGCCGCAGCCCATGACAATCTCA		USP24	83				AGA	AGA	not_found	6	0	make_0bp_genotyping_probes_lhs		
MCM10 c.2003A>G_LHS_0	TTTGTTTTTGTAAGAACCTGGCCTC	TTGCCCTTAATTTGGTGATAGCAGC		MCM10	84				TAG	TAG	not_found	6	0	make_0bp_genotyping_probes_lhs		
ERAP1 c.1540G>A_LHS_0	TCATCATGGTTTTCACATCCACCCT	TTCCTGATGCCAATGTGAGGATGAA		ERAP1	85				CAC	AGA	not_found	6	0	make_0bp_genotyping_probes_lhs		
MADD c.1440T>C_LHS_0	TGCAACATCCACAGAATCCACATCG	TTGCCATAGATGAGTGGGTTGAATT		MADD	86				CAC	CAC	not_found	6	0	make_0bp_genotyping_probes_lhs		
TRAPPC11 c.2370C>T_LHS_0	ATCCTGTCCTGGTTTTAAGCCAGCA	GTGAGCTTCACATCTCTGATTTGGG		TRAPPC11	87				CAC	AGA	not_found	6	0	make_0bp_genotyping_probes_lhs		
QSOX2 c.376A>G_LHS_0	AGTCATGGCACACGGCCTGGTTCTC	CTCTTCCATGCAGTCCAGAGCTGCG		QSOX2	88				CAC	TAG	not_found	6	0	make_0bp_genotyping_probes_lhs		
C15orf39 c.355G>C_LHS_0	GTGGTGGGCCTGGGTAGGAGTGAGG	CTGGGGACTGAAGGGCAGGAGCTCA		C15orf39	89				TAG	TAG	not_found	6	0	make_0bp_genotyping_probes_lhs		
FMR1 c.414G>A_LHS_0	TGCCGCCTCTTTGGCACACATTTGT	CGTAAGTCTTCTGGCACATCCAGCT		FMR1	90				AGA	AGA	not_found	6	0	make_0bp_genotyping_probes_lhs		
INSR c.1650G>A_LHS_0	CACCGTCCAACTGTTGGAACCACAT	GCATCCTGCCCGTCGAACTCCGTCA		INSR	91				TAG	AGA	not_found	6	0	make_0bp_genotyping_probes_lhs		
MON1A c.501T>C_LHS_0	CTCAGACCCATAGCGGGAGTACACG	GGCTTCCCTGCCTCACTCAGCACAA		MON1A	92				CAC	AGA	not_found	6	0	make_0bp_genotyping_probes_lhs		
JAK2 c.1849G>T_LHS_0	CCAGAATATTCTCGTCTCCACAGAA	ACATACTCCATAATTTAAAACCAAATGCTTGTG		JAK2	93				CAC	TAG	not_found	6	0	manual		
KRAS 0bp	CTCCATCAATTACTACTTGCTTCCT	GTAGGAATCCTCTATTGTTGGATCA		KRAS	94		121	120			not_found	1	0	make_0bp_genotyping_probes_lhs		
MYD88 0bp	AATAGACCAGACACAGGTGCCAGGC	AGGACATCGCGGTCAGACACACACA		MYD88	95		[462, 597]	[461, 596]				1	0	make_0bp_genotyping_probes_lhs		
FBXW7 0bp	TAGCCATTCCTGGAGGCCTGTAGGT	GGCTGGACAGATGTAATTCGGCGTC		FBXW7	96		[336, 690]	[335, 689]				1	0	make_0bp_genotyping_probes_lhs		
BCR-ABL c.fusion_LHS_0	AGATGCTACTGGCCGCTGAAGGGCT	TTTGAACTCTGCTTAAATCCAGTGG		BCR	97				AGA	CAC	not_found	8	1	manual		
BCR 0bp	GCAAGTCATGGAGGACCAGCGTGCT	CCTCGTCACACGGTCCACAGGCTTG		BCR	98		[1957, 409]	[1956, 408]			not_found	1	0	cl_impact_snv		
ABL1 0bp	TCTTCCCGTGGACTGCAAGTCCCGA	GGCAGCGTGACTGACCTCCACTCCG		ABL1	99		[2268, 2211]	[2267, 2210]				1	0	cl_impact_snv		
MSH6 0bp	CGACTATAGTTAGCCAGGCACAGTA	AAACATCCAACACTGCGATACACTC		MSH6	100		3179	3178			not_found	1	0	cl_impact_snv		
PIK3CA 0bp	TCACATTGTCACATAAGGGTTCTCC	TCCATGGTAGATACCTGTTCGAACA		PIK3CA	101		1090	1089				1	0	cl_impact_snv		
INPPL1 0bp	GAGCTGCAACAGCTGGCAGAAGGCC	TCCCGCTTCCGGGCACTGACAAAGA		INPPL1	102		[1206, 480]	[1205, 479]			not_found	1	0	cl_impact_snv		
BRAF 0bp	AACCTGTGGTTGATCCTCTGAACAC	TGGGCCAGGCTCAAAATCAAACACT		BRAF	103		1288	1287			not_found	1	0	cl_impact_snv		
TP53 0bp	CTCTGGCATTCTGGGAGCTTCATCT	GGACCTGGGTCTTCAGTGAACCATT		TP53	104		[180, 63]	[179, 62]				1	0	cl_impact_snv		
SF3B1 0bp	TTCAGTTGCAGCAATTGATGTCACG	TATCCAGCAAATCTGCTGTCACTTC		SF3B1	105		162	161				1	0	cl_impact_snv		
EGFR 0bp	AAGGAATTCGCTCCACTGTGTTGAG	GGCAATGAGGACATAACCAGCCACC		EGFR	106		277	276				1	0	cl_impact_snv		
NRAS 0bp	CCTCTATGGTGGGATCATATTCATC	TACAAAGTGGTTCTGGATTAGCTGG		NRAS	107		88	87				1	0	cl_impact_snv		
U2AF1 0bp	CCGGGATCGGGATCTTGATCTATGC	TTCTTGCGACGGCGGCCATACAGCT		U2AF1	108		[357, 576]	[356, 575]			CTGCAACCAAGGAAAATAAA...	1	0	cl_impact_snv		
AR 0bp	ACCACACGGTCCATACAACTGGCCT	TCTTCGGCTGTGAAGAGAGTGTGCC		AR	109		1329	1328				1	0	cl_impact_snv		
FGFR3 0bp	TCTCCATCTCAGACACCAGGTCCGA	CAGGTCCTTGTCAGTGGCATCGTCT		FGFR3	110		[1561, 1222]	[1560, 1221]				1	0	cl_impact_snv		
APC 0bp	TGGAATCTGAATCAGACGAAGCTTG	TCTAGATAAACATGCAGCAGCAGCA		APC	111		6379	6378				1	0	cl_impact_snv		
CDKN2A 0bp	GTGTCCAGGAAGCCCTCCCGGGCAG	CGTCGTGCACGGGTCGGGTGAGAGT		CDKN2A	112		[254, 297]	[253, 296]			not_found	1	0	cl_impact_snv		
CTNNB1 0bp	GCATGGTACGTACAATAGCAGACAC	CATCTGAGGAGAACGCATGATAGCG		CTNNB1	113		583	582				1	0	cl_impact_snv		
GNAS 0bp	AAGTCAGGCACGTTCATCACACTCA	GGATGTAGTCCACTCTGAACTGGTT		GNAS	114		[1036, 1039, 218, 353, 350, 398, 395]	[1035, 1038, 217, 352, 349, 397, 394]				1	0	cl_impact_snv		
SMAD4 0bp	TTATGAACAGCATCTCCAGGTGCAC	GCCCAGCTTCTCTGTCTAAGTAGTA		SMAD4	115		[1259, 971]	[1258, 970]				1	0	cl_impact_snv		
IDH2 0bp	TTGGTCATGGCTCCACTCTCCACCG	TCTCCACGCACACCTTCTCCAGCAT		IDH2	116		1214	1213				1	0	cl_impact_snv		
XPO1 0bp	GGCCATAGTACTAAGCACTTCTGGT	TCTCTAGCAGCTGGGACATTTCTCT		XPO1	117		2391	2390				1	0	cl_impact_snv		
ERBB2 0bp	CAGGTTTCCCTGCACCACCTGGCAG	CCCTGGTAGAGGTGGCGGAGCATGT		ERBB2	118		[66, 156]	[65, 155]				1	0	cl_impact_snv		
PTEN 0bp	TGGCGGGGCTTCTTCTGCAGGATGG	AAATGGCTCTGGACTTGGCGGTAGC		PTEN	119		-79	-80				1	0	cl_impact_snv		
ARFGEF2 0bp	TGTCGGCTAGGATCTTCTCCAGGGC	CCGGGACACGAACATGCTCTTGGTC		ARFGEF2	120		40	39				1	0	cl_impact_snv		
MGA 0bp	GTACTCTTAGTGGGAAGCTGGTACA	CCACAGGAGATGTGGGAGCATTAGA		MGA	121		2561	2560				1	0	cl_impact_snv		
TTF2 0bp	TTGACAGAGCCATCGATGGTGGCAT	AAGTCAGTCCATGCTTCTTCAGGTG		TTF2	122		3107	3106				1	0	cl_impact_snv		
LATS1 0bp	CCAATCACACAACTGTGTGTATCCT	GTTCGTAGCAACACTTCAGGTGCAA		LATS1	123		2775	2774			AAAATAACAAAGTTATTTAT...	1	0	cl_impact_snv		
ZKSCAN5 0bp	GTCTCAAACGTTGGCGGGTTGTACT	CCTGCATCCAGGTGCAGTCTTCTTC		ZKSCAN5	124		119	118				1	0	cl_impact_snv		
MFSD12 0bp	TGGCCACCACGGTGAACGCATACCT	GAGTGCCGTGAGCTCCACCTTCTCA		MFSD12	125		508	507			GGCGGGCAGGCGGGCAGGGA...	1	0	cl_impact_snv		
SLC23A2 0bp	CTGGCGACCACGGCACTGAGCATGC	CGATGACACCGGCCGCAGACACGGT		SLC23A2	126		1145	1144				1	0	cl_impact_snv		
MKI67 0bp	GCTTGTTGGAGTGTCCACTGATTCT	GGTGGTGGAGATTTGCAGGCTATTT		MKI67	127		[5244, 6324]	[2321, 3401]				1	0	cl_impact_snv		
TAF1B 0bp	GTCCATGGAAACACGTTCTATCAGT	GTCCTCTTCAGTCCAGTTGAACTGA		TAF1B	128		1450	1449				1	0	cl_impact_snv		
SETD5 0bp	TAGAATGTAGGTGTTGTTCAAGCGC	GTTCTGTACATCTGCACTGTACTGA		SETD5	129		[694, 751]	[693, 750]				1	0	cl_impact_snv		
KIF20B 0bp	AAAACTGAATTTCTGTGCCATCTGC	CCTGAGCTTTTTTCACTTAACCGAC		KIF20B	130		321	320				1	0	cl_impact_snv		
SACS 0bp	CCTTCCTCACAGGTGTTGTGCCAGA	GGCAGCTGTGAGCTGAACAGCAGCA		SACS	131		1852	1851				1	0	cl_impact_snv		
PLCB3 0bp	CAGCTGTTGCAGGACCTGCTGCTGC	CCAGCCACAAGACGGTCATGCCGCT		PLCB3	132		[3459, 3258]	[3458, 3257]				1	0	cl_impact_snv		
COX10 0bp	AACAGTCTCCGCGAGCTCCTGCGGT	CTGCGTCCACGTAGAAGCGGAAGCC		COX10	133		1211	1210				1	0	cl_impact_snv		
SLC39A11 0bp	AGCCAAGACTTCCATCTAAGATCCG	CCTCTGTCCACTAGAGAATACGAAC		SLC39A11	134		112	111			not_found	1	0	cl_impact_snv		
MDN1 0bp	TCAGGAGACACCTTCTGATGATGCA	GCAAGGACCACAGATCTCGAAGCTC		MDN1	135		8984	8983			not_found	1	0	cl_impact_snv		
ZNF609 0bp	TTGGGAGCAATAGCAGCAACCAGGC	CTCCAGCATTGGCACCATCTCCTGA		ZNF609	136		398	397				1	0	cl_impact_snv		
RNF216 0bp	TCATCTTCAGTGGGATCGGTCCAGA	GAGAGCATCTTGAACACTCCTGGCA		RNF216	137		[2366, 2195]	[2365, 2194]			not_found	1	0	cl_impact_snv		
BRD9 0bp	CTTCCTTCTTTCCTCATCGTCCAGA	TGCTTCTCCTTCTCGGACTTCTTCT		BRD9	138		[237, 83]	[236, 82]				1	0	cl_impact_snv		
TBC1D13 0bp	TGGGCAGCACCTCATACTCATTTAG	GGATGATGGCACAGAGTTCTTGTGT		TBC1D13	139		580	579				1	0	cl_impact_snv		
TTC19 0bp	TGCTCCTCCTCCTCTGCCGCAGCGG	GCCTCGAGAACCAGGCGAGCGCTGC		TTC19	140		206	205				1	0	cl_impact_snv		
CCDC88C 0bp	ACCAGCGGGCTCTGCAGGAAGAGCT	CCAGGAGCTCCGAGACTGTCACGTC		CCDC88C	141		29	28				1	0	cl_impact_snv		
ARID4A 0bp	AGTTGTCCCTCTCTTCAGGATCAAG	TTCTTCCTCAGGCACCTCTTCTTCT		ARID4A	142		919	918			not_found	1	0	cl_impact_snv		
COPG1 0bp	ATGATGTCTACTGGCAGCTCCTCCA	AACTTCTGGCTGTCACCTGCATTGT		COPG1	143		2582	2581				1	0	cl_impact_snv		
AKAP9 0bp	TTCTCAGACACTGTATCACTGCCTT	CAAGGTACCACATTCCTCTTTCAGT		AKAP9	144		[8614, 3259]	[8613, 3258]				1	0	cl_impact_snv		
KMT2C 0bp	TGGTCGTTATCCATGCGGAACATGT	ACACACCACGGTTCTGAGACTCATA		KMT2C	145		[10247, 14474]	[10246, 14473]			not_found	1	0	cl_impact_snv		
SBNO1 0bp	ACATACTCAGGAGCAGTAACTTGGT	TTGATCTATGAGTACGTCCGAACTG		SBNO1	146		[2951, 2954]	[2950, 2953]			not_found	1	0	cl_impact_snv		
ANO10 0bp	TTCAGGTTCTCGGTCACGAGCTTCA	TTTGCTGCTGCTTGAGTGCCTCCAA		ANO10	147		[1919, 1349]	[1918, 1348]			not_found	1	0	cl_impact_snv		
PARP9 0bp	CATTGGCTGCATTCACCACAGCATC	AACAGCATGTGTGGTGAGGTCATCT		PARP9	148		[292, 397]	[291, 396]				1	0	cl_impact_snv		
GLB1 0bp	TGTCCACAGCTGCCAGGTAATCTGG	GTCGGAGGAGCGGAGAAGAATAGAC		GLB1	149		454	453			AAAACAAGAAAAGTTTAACA...	1	0	cl_impact_snv		
LMTK2 0bp	CTCCAGGAGGCTGTCCTGACTGGTT	GAGTCCGAGGAGAGGGCAGACACCA		LMTK2	150		2916	2915				1	0	cl_impact_snv		
NCBP1 0bp	ACACAGGATGCTGTCAAAGGCAAGA	TAAGGTCTTAGGATGTGCCGTTCCT		NCBP1	151		759	758				1	0	cl_impact_snv		
SPN 0bp	GAGAGCTAGCTGCCGTGGTAACAGG	GGCTCCACTGGTCCTACTGGAGGTT		SPN	152		448	447				1	0	cl_impact_snv		
HTT 0bp	CAGCAGAGTGGAGTGTTCATCCTCG	ACAGGAACGAGTAAGCCTAAGAGCA		HTT	153		906	905			not_found	1	0	cl_impact_snv		
CEP350 0bp	GAGTTCCTTGGATTTGGTAAAGGCA	CCTCTTTTGATTTGCTGCTCCTCAT		CEP350	154		26	25				1	0	cl_impact_snv		
USP24 0bp	TACGGTCACAGTATTGTGCTTGGTC	TATGTTGCCTTCCAGTGCAATCGAC		USP24	155		1351	1350			not_found	1	0	cl_impact_snv		
MCM10 0bp	GTATAGGCGCACGTCTTGCATGTCA	CGACACGGCACTTCACTTCTCTGAT		MCM10	156		[2339, 2342]	[2338, 2341]			not_found	1	0	cl_impact_snv		
ERAP1 0bp	TGACTATGCAGGATGATGGTGCTGG	TGGGCTGACTGGCTGTGATTTCTAC		ERAP1	157		269	268				1	0	cl_impact_snv		
MADD 0bp	GTCAATCTCCACCTCGCTGGCATCC	CCCAGTGCTGCATGTGTCAGAGGGT		MADD	158		1998	1997				1	0	cl_impact_snv		
TRAPPC11 0bp	AGTCTCCAACAGGAATGTCAGTGAG	TAAAGCCGGGTAGGATTCATCACAC		TRAPPC11	159		[2467, 1285]	[2466, 1284]				1	0	cl_impact_snv		
QSOX2 0bp	TTGTCGCGGCCATAGTGCTGCTTCA	AGAATGTGAGCACGTGGCCTTCATC		QSOX2	160		1673	1672				1	0	cl_impact_snv		
C15orf39 0bp	AAGGCCACAGAGCTGTGGAAGTTGG	TCCTTGGCATGGCATCTGTGGTCAC		C15orf39	161		1922	1921				1	0	cl_impact_snv		
FMR1 0bp	CTGGTTACGATCTTTACCCGTGCGC	AGCCGACTACCTTCACTGGAGGTAT		FMR1	162		[1815, 1677, 1695]	[1814, 1676, 1694]				1	0	cl_impact_snv		
INSR 0bp	GTGAAGTGTCGCAAGCCGGAGATGA	CCAGCGACTCCTTGTTCACCACCTT		INSR	163		[2387, 2423]	[2386, 2422]				1	0	cl_impact_snv		
MON1A 0bp	TGAGAATGAAGAGGCGGTCTTCCTC	TTTGCGGATCCAGCGCATCAGCTTA		MON1A	164		[1627, 1141]	[1626, 1140]				1	0	cl_impact_snv		
JAK2 0bp	ATAGAAGAGGTGGATGTTCCCTCCA	TTTCTGTCATCGTAAGGCAGGCCAT		JAK2	165		32	31				1	0	cl_impact_snv		
PIK3CA c.1636C>A_LHS_1	GACTCCATAGAAAATCTTTCTCCTG	CTCAGTGATTTCAGAGAGAGGATCT		PIK3CA	261		1636	1635	TGC	AGA		8	0	make_0bp_genotyping_probes_lhs	GACTCCATAGAAAATCTTTCTCCTG	CTCAGTGATTTCAGAGAGAGGATCT
INPPL1 c.209G>A_LHS_1	AAATCTTCTCCATCAGGCAGAATGC	GATACGTGTGCACATGCTTCTGATA		INPPL1	262		[209, -517]	[208, -518]	CTG	CAC		8	0	make_0bp_genotyping_probes_lhs	AAATCTTCTCCATCAGGCAGAATGC	GATACGTGTGCACATGCTTCTGATA
PIK3CA c.2908G>A_LHS_1	CAAATTCTCTTGTCTTTGTGCATTC	TTGGGCTCCTTTACTAATCACTATT		PIK3CA	263		2908	2907	GTA	TAG		8	0	make_0bp_genotyping_probes_lhs	CAAATTCTCTTGTCTTTGTGCATTC	TTGGGCTCCTTTACTAATCACTATT
MSH6 c.1168G>A_LHS_1	CATAGAGTGTAGATGCATCAAAATC	GGGGTGATCAGGCCTCCTCCTGTGC		MSH6	264		1168	1167	CTG	TAG		8	0	make_0bp_genotyping_probes_lhs	CATAGAGTGTAGATGCATCAAAATC	GGGGTGATCAGGCCTCCTCCTGTGC
KRAS c.34G>T_LHS_1	TCAAGGCACTCTTGCCTACGCCACC	AGCTCCAACTACCACAAGTTTATAT		KRAS	265		34	33	CTG	TAG		8	0	make_0bp_genotyping_probes_lhs	TCAAGGCACTCTTGCCTACGCCACC	AGCTCCAACTACCACAAGTTTATAT
PIK3CA c.3141T>A_LHS_1	CATTTTTGTTGTCCAGCCACCATGA	TGTGCATCATTCATTTGTTTCATGA		PIK3CA	266		[3141, 3224]	[3140, 3223]	GTA	CAC		8	0	make_0bp_genotyping_probes_lhs	CATTTTTGTTGTCCAGCCACCATGA	TGTGCATCATTCATTTGTTTCATGA
BRAF c.1799T>A_LHS_1	TGGGACCCACTCCATCGAGATTTCA	CTGTAGCTAGACCAAAATCACCTAT		BRAF	267		1919	1918	GTA	AGA		8	0	make_0bp_genotyping_probes_lhs	TGGGACCCACTCCATCGAGATTTCA	CTGTAGCTAGACCAAAATCACCTAT
TP53 c.817C>*_LHS	CTCTCCCAGGACAGGCACAAACACG	CACCTCAAAGCTGTTCCGTCCCAGT		TP53	268		[817, 421, 340, 700, 538]	[816, 420, 339, 699, 537]	CTG	TAG		7	0	make_0bp_genotyping_probes_lhs	CTCTCCCAGGACAGGCACAAACACG	CACCTCAAAGCTGTTCCGTCCCAGT
SF3B1 c.2098A>G_LHS_1	CCAAAGCACTGATGGTCCGAACTTT	CTGCTGCTCATCCACAAGACCATGT		SF3B1	269		2098	2097	GTA	AGA	not_found	8	0	make_0bp_genotyping_probes_lhs	CCAAAGCACTGATGGTCCGAACTTT	CTGCTGCTCATCCACAAGACCATGT
EGFR c.2573T>G_LHS_1	TCTTCCGCACCCAGCAGTTTGGCCA	GCCCAAAATCTGTGATCTTGACATG		EGFR	270		[2573, 2438]	[2572, 2437]	GTA	TAG		8	0	make_0bp_genotyping_probes_lhs	TCTTCCGCACCCAGCAGTTTGGCCA	GCCCAAAATCTGTGATCTTGACATG
TP53 c.742C>T_LHS_1	TGATGATGGTGAGGATGGGCCTCCG	GTTCATGCCGCCCATGCAGGAACTG		TP53	271		[742, 346, 265, 625, 463]	[741, 345, 264, 624, 462]	GTA	CAC		8	0	make_0bp_genotyping_probes_lhs	TGATGATGGTGAGGATGGGCCTCCG	GTTCATGCCGCCCATGCAGGAACTG
NRAS c.181C>A_LHS_1	CTCTCATGGCACTGTACTCTTCTTG	TCCAGCTGTATCCAGTATGTCCAAC		NRAS	272		181	180	TGC	CAC		8	0	make_0bp_genotyping_probes_lhs	CTCTCATGGCACTGTACTCTTCTTG	TCCAGCTGTATCCAGTATGTCCAAC
U2AF1 c.101C>*_LHS	AACGTCGGTTTATTGTGCAACCGAG	AGCACCTGTCTCCATGACGACATGC		U2AF1	273		[-118, 101]	[-119, 100]	TGC	CAC		7	0	make_0bp_genotyping_probes_lhs	AACGTCGGTTTATTGTGCAACCGAG	AGCACCTGTCTCCATGACGACATGC
TP53 c.1024C>T_LHS_1	GTTCCAAGGCCTCATTCAGCTCTCG	GAACATCTCGAAGCGCTCACGCCCA		TP53	274		[688, 628, 761, 607, 680, 547, 907, 1157, 1084, 967, 1040, 745, 1024]	[687, 627, 760, 606, 679, 546, 906, 1156, 1083, 966, 1039, 744, 1023]	GTA	CAC		8	0	make_0bp_genotyping_probes_lhs	GTTCCAAGGCCTCATTCAGCTCTCG	GAACATCTCGAAGCGCTCACGCCCA
NRAS c.34G>T_LHS_1	TCAGTGCGCTTTTCCCAACACCACC	TGCTCCAACCACCACCAGTTTGTAC		NRAS	275		34	33	GTA	TAG		8	0	make_0bp_genotyping_probes_lhs	TCAGTGCGCTTTTCCCAACACCACC	TGCTCCAACCACCACCAGTTTGTAC
AR c.2105T>A_LHS_1	TCTCCCAGTTCATTGAGGCTAGAGA	GCAAGGCTGCAAAGGAGTCGGGCTG		AR	276		2105	2104	GTA	CAC		8	0	make_0bp_genotyping_probes_lhs	TCTCCCAGTTCATTGAGGCTAGAGA	GCAAGGCTGCAAAGGAGTCGGGCTG
FGFR3 c.746C>G_LHS_1	GCCTGCAGGATGGGCCGGTGCGGGG	AGCGCTCCAGCACGTCCAGCGTGTA		FGFR3	277		[746, 206]	[745, 205]	GTA	AGA	not_found	8	0	make_0bp_genotyping_probes_lhs	GCCTGCAGGATGGGCCGGTGCGGGG	AGCGCTCCAGCACGTCCAGCGTGTA
KRAS c.183A>C_LHS_1	GTCCCTCATTGCACTGTACTCCTCT	TGACCTGCTGTGTCGAGAATATCCA		KRAS	278		183	182	TGC	AGA		8	0	make_0bp_genotyping_probes_lhs	GTCCCTCATTGCACTGTACTCCTCT	TGACCTGCTGTGTCGAGAATATCCA
TP53 c.916C>T_LHS_1	AGCTGGTGTTGTTGGGCAGTGCTCG	CTTAGTGCTCCCTGGGGGCAGCTCG		TP53	279		[916, 520, 439, 799, 637]	[915, 519, 438, 798, 636]	GTA	CAC	not_found	8	0	make_0bp_genotyping_probes_lhs	AGCTGGTGTTGTTGGGCAGTGCTCG	CTTAGTGCTCCCTGGGGGCAGCTCG
APC c.4348C>T_LHS_1	GTGCTTTATTTTTAGGTACTTCTCG	CTTGGTTTGAGCTGTTTGAGGAGGT		APC	280		4348	4347	TGC	AGA		8	0	make_0bp_genotyping_probes_lhs	GTGCTTTATTTTTAGGTACTTCTCG	CTTGGTTTGAGCTGTTTGAGGAGGT
MYD88 c.794T>C_LHS_1	ATTGCCTTGTACTTGATGGGGATCA	GTCGCTTCTGATGGGCACCTGGAGA		MYD88	281		[620, 779]	[619, 778]	GTA	AGA	not_found	8	0	make_0bp_genotyping_probes_lhs	ATTGCCTTGTACTTGATGGGGATCA	GTCGCTTCTGATGGGCACCTGGAGA
PIK3CA c.1035T>A_LHS_1	CTTATCAATGTCTCGAATATTTACA	TTCACGTAGGTTGCACAAAGAATTT		PIK3CA	282		1035	1034	CTG	AGA		8	0	make_0bp_genotyping_probes_lhs	CTTATCAATGTCTCGAATATTTACA	TTCACGTAGGTTGCACAAAGAATTT
CDKN2A c.238C>T_LHS_1	GGCGCAGTTGGGCTCCGCGCCGTGG	AGCAGCAGCAGCTCCGCCACTCGGG		CDKN2A	283		[195, 238]	[194, 237]	CTG	CAC		8	0	make_0bp_genotyping_probes_lhs	GGCGCAGTTGGGCTCCGCGCCGTGG	AGCAGCAGCAGCTCCGCCACTCGGG
CTNNB1 c.122C>T_LHS_1	TTACCACTCAGAGAAGGAGCTGTGG	TAGTGGCACCAGAATGGATTCCAGA		CTNNB1	284		122	121	TGC	CAC		8	0	make_0bp_genotyping_probes_lhs	TTACCACTCAGAGAAGGAGCTGTGG	TAGTGGCACCAGAATGGATTCCAGA
GNAS c.602G>A_LHS_1	TCAAAGATTCCAGAAGTCAGGACAC	GGCAGCGAAGCAGGTCCTGATCGCT		GNAS	285		[1243, 1246, 425, 560, 557, 605, 602]	[1242, 1245, 424, 559, 556, 604, 601]	CTG	AGA	not_found	8	0	make_0bp_genotyping_probes_lhs	TCAAAGATTCCAGAAGTCAGGACAC	GGCAGCGAAGCAGGTCCTGATCGCT
PIK3CA c.263G>A_LHS_1	TGAAAAAGCCGAAGGTCACAAAGTC	GTCTTGTTTCATCAAAAAATTCTTC		PIK3CA	286		263	262	GTA	TAG		8	0	make_0bp_genotyping_probes_lhs	TGAAAAAGCCGAAGGTCACAAAGTC	GTCTTGTTTCATCAAAAAATTCTTC
FBXW7 c.1393C>T_LHS_1	TTTTTTCATGAAGATGCATACAACG	CACAGTGGAAGTATGCCCATATAAG		FBXW7	287		[1039, 1393]	[1038, 1392]	TGC	CAC		8	0	make_0bp_genotyping_probes_lhs	TTTTTTCATGAAGATGCATACAACG	CACAGTGGAAGTATGCCCATATAAG
PTEN c.388C>*_LHS	ATGCACATATCATTACACCAGTTCG	TCCCTTTCCAGCTTTACAGTGAATT		PTEN	288		388	387	TGC	TAG		7	0	make_0bp_genotyping_probes_lhs	ATGCACATATCATTACACCAGTTCG	TCCCTTTCCAGCTTTACAGTGAATT
APC c.2626C>T_LHS_1	CAGTGGTGGAGATCTGCAAACCTCG	CTTTGAAGAAGTTCCTGGATTTTCT		APC	289		2626	2625	TGC	CAC		8	0	make_0bp_genotyping_probes_lhs	CAGTGGTGGAGATCTGCAAACCTCG	CTTTGAAGAAGTTCCTGGATTTTCT
SMAD4 c.1082G>A_LHS_1	TTGGAGAGTTGACCCAAACAAAAGC	GATCTCCTCCAGAAGGGTCCACGTA		SMAD4	290		[1082, 794]	[1081, 793]	GTA	TAG		8	0	make_0bp_genotyping_probes_lhs	TTGGAGAGTTGACCCAAACAAAAGC	GATCTCCTCCAGAAGGGTCCACGTA
TP53 c.405insC_LHS_1	CACAGGGCAGGTCTTGGCCAGTTGG	CAAAACATCTTGTTGAGGGCAGGGG		TP53	291		[405, 9, -72, 288, 126]	[404, 8, -73, 287, 125]	TGC	TAG		8	0	make_0bp_genotyping_probes_lhs	CACAGGGCAGGTCTTGGCCAGTTGG	CAAAACATCTTGTTGAGGGCAGGGG
CDKN2A c.172C>T_LHS_1	GACCTGGTCTTCTAGGAAGCGGCTG	CTGCCCTAGACGCTGGCTCCTCAGT		CDKN2A	292		172	171	TGC	TAG	not_found	8	0	make_0bp_genotyping_probes_lhs	GACCTGGTCTTCTAGGAAGCGGCTG	CTGCCCTAGACGCTGGCTCCTCAGT
PIK3CA c.1258T>C_LHS_1	TTATATTTCCCCATGCCAATGGACA	GTGTTCCTCTTTAGCACCCTTTCGG		PIK3CA	293		1258	1257	CTG	CAC	not_found	8	0	make_0bp_genotyping_probes_lhs	TTATATTTCCCCATGCCAATGGACA	GTGTTCCTCTTTAGCACCCTTTCGG
IDH2 c.515G>A_LHS_1	TTGTACTGGTCGCCATGGGCGTGCC	TGCCAATGGTGATGGGCTTGGTCCA		IDH2	294		515	514	TGC	CAC	not_found	8	0	make_0bp_genotyping_probes_lhs	TTGTACTGGTCGCCATGGGCGTGCC	TGCCAATGGTGATGGGCTTGGTCCA
SF3B1 c.1998G>T_LHS_1	AAGAATAGCTATCTGTTGTACAATC	TTAATACCAGTGTGTCTCGCTTGCC		SF3B1	295		1998	1997	GTA	CAC		8	0	make_0bp_genotyping_probes_lhs	AAGAATAGCTATCTGTTGTACAATC	TTAATACCAGTGTGTCTCGCTTGCC
PIK3CA c.2176G>A_LHS_1	ACTTCATCTGTACCTTTTGTGTTTC	ATCCTTCTTCTCCTGTTTGAGAATG		PIK3CA	296		2176	2175	CTG	CAC	not_found	8	0	make_0bp_genotyping_probes_lhs	ACTTCATCTGTACCTTTTGTGTTTC	ATCCTTCTTCTCCTGTTTGAGAATG
APC c.646C>T_LHS_1	TTTGCTGAATTCTGGCTATTCTTCG	CTGTGCTCGTTTTTCCATATCCTGG		APC	297		646	645	CTG	AGA	CTAAAATAAAACAAGAAACC...	8	0	make_0bp_genotyping_probes_lhs	TTTGCTGAATTCTGGCTATTCTTCG	CTGTGCTCGTTTTTCCATATCCTGG
EGFR c.2369C>T_LHS_1	AGGCAGCCGAAGGGCATGAGCTGCG	TGATGAGCTGCACGGTGGAGGTGAG		EGFR	298		[2369, 2234]	[2368, 2233]	CTG	TAG		8	0	make_0bp_genotyping_probes_lhs	AGGCAGCCGAAGGGCATGAGCTGCG	TGATGAGCTGCACGGTGGAGGTGAG
APC c.3340C>T_LHS_1	TAATTCCATGATTAGAACCCACTCG	ATTTGTTTCTGAACCATTGGCTCCC		APC	299		3340	3339	GTA	CAC		8	0	make_0bp_genotyping_probes_lhs	TAATTCCATGATTAGAACCCACTCG	ATTTGTTTCTGAACCATTGGCTCCC
SF3B1 c.1873C>T_LHS_1	CAAAAGCTCTAGCTGTTGTGTTACG	GACATACTCATCCATGTTATCTATA		SF3B1	300		1873	1872	CTG	CAC		8	0	make_0bp_genotyping_probes_lhs	CAAAAGCTCTAGCTGTTGTGTTACG	GACATACTCATCCATGTTATCTATA
XPO1 c.1711G>A_LHS_1	CATCATGGGTCTCATGCATGAATTC	GAACAGCTTGTTAACTACAGTCTTC		XPO1	301		1711	1710	TGC	AGA	not_found	8	0	make_0bp_genotyping_probes_lhs	CATCATGGGTCTCATGCATGAATTC	GAACAGCTTGTTAACTACAGTCTTC
FGFR3 c.1118A>G_LHS_1	ACCCCGTAGCTGAGGATGCCTGCAT	ACACACTGCCCGCCTCGTCAGCCTC		FGFR3	302		1118	1117	CTG	CAC		8	0	make_0bp_genotyping_probes_lhs	ACCCCGTAGCTGAGGATGCCTGCAT	ACACACTGCCCGCCTCGTCAGCCTC
ERBB2 c.2033G>A_LHS_1	GTGTACTTCCGGATCTTCTGCTGCC	GTCGCTTGATGAGGATCCCAAAGAC		ERBB2	303		2033	2032	CTG	CAC		8	0	make_0bp_genotyping_probes_lhs	GTGTACTTCCGGATCTTCTGCTGCC	GTCGCTTGATGAGGATCCCAAAGAC
PIK3CA c.353G>A_LHS_1	CACACTGGCATGCCGATAGCAAAAC	CAATTTCTCGATTGAGGATCTTTTC		PIK3CA	304		353	352	CTG	AGA	CTTTAATAAAATTACATAAA...	8	0	make_0bp_genotyping_probes_lhs	CACACTGGCATGCCGATAGCAAAAC	CAATTTCTCGATTGAGGATCTTTTC
PIK3CA c.1357G>*_LHS	CACCAATAGGGTTCAGCAAATCTTC	TAATCCATGAGGTACTGGCCAAAGA		PIK3CA	305		1357	1356	GTA	TAG		7	0	make_0bp_genotyping_probes_lhs	CACCAATAGGGTTCAGCAAATCTTC	TAATCCATGAGGTACTGGCCAAAGA
PTEN c.697C>T_LHS_1	AGTACATGAACTTGTCTTCCCGTCG	TGTGGGTCCTGAATTGGAGGAATAT		PTEN	306		697	696	TGC	AGA		8	0	make_0bp_genotyping_probes_lhs	AGTACATGAACTTGTCTTCCCGTCG	TGTGGGTCCTGAATTGGAGGAATAT
ERBB2 c.2264T>C_LHS_1	GCTTTGGGGGATGTGTTTTCCCTCA	ACACTTTGATGGCCACTGGAATTTT		ERBB2	307		2264	2263	CTG	TAG		8	0	make_0bp_genotyping_probes_lhs	GCTTTGGGGGATGTGTTTTCCCTCA	ACACTTTGATGGCCACTGGAATTTT
TP53 c.328C>T_LHS_1	TCCCAGAATGCAAGAAGCCCAGACG	GAAACCGTAGCTGCCCTGGTAGGTT		TP53	308		[328, 211]	[327, 210]	CTG	TAG		8	0	make_0bp_genotyping_probes_lhs	TCCCAGAATGCAAGAAGCCCAGACG	GAAACCGTAGCTGCCCTGGTAGGTT
ARFGEF2 c.1294A>G_LHS_1	AGGCCACACAGAGATATTGCTTGAT	TGCATTGATGAACATCTCGTGAGTC		ARFGEF2	309		1294	1293	TGC	CAC		8	0	make_0bp_genotyping_probes_lhs	AGGCCACACAGAGATATTGCTTGAT	TGCATTGATGAACATCTCGTGAGTC
MGA c.3808T>C_LHS_1	TATGGTTCTCAGGGCTAGAATGACA	TGAAGTTTGCTGCTGAAATGATGGA		MGA	310		3808	3807	GTA	CAC		8	0	make_0bp_genotyping_probes_lhs	TATGGTTCTCAGGGCTAGAATGACA	TGAAGTTTGCTGCTGAAATGATGGA
TTF2 c.382G>A_LHS_1	CTGGTTCTTGATTCTTGTCAAGTAC	CTTGAATGGATTTCTCAGCCAGTTG		TTF2	311		382	381	CTG	AGA		8	0	make_0bp_genotyping_probes_lhs	CTGGTTCTTGATTCTTGTCAAGTAC	CTTGAATGGATTTCTCAGCCAGTTG
LATS1 c.1591C>T_LHS_1	TTGAAGCGGTTCCCTCAGGAAAAGG	ACTGGGTTGAACAGTTTGAATTGGC		LATS1	312		1591	1590	CTG	CAC		8	0	make_0bp_genotyping_probes_lhs	TTGAAGCGGTTCCCTCAGGAAAAGG	ACTGGGTTGAACAGTTTGAATTGGC
ZKSCAN5 c.1566A>G_LHS_1	CATCCTCTTTGAAGATGGTTGTCCT	AGTATCTCTTTCATGGGAATTCCCT		ZKSCAN5	313		1566	1565	GTA	TAG		8	0	make_0bp_genotyping_probes_lhs	CATCCTCTTTGAAGATGGTTGTCCT	AGTATCTCTTTCATGGGAATTCCCT
MFSD12 c.1202G>T_LHS_1	CTCATGGAGCCGTACACGAACGCTC	CGCTGTTCGTGTGGGGACCGATGAG		MFSD12	314		1202	1201	CTG	TAG	not_found	8	0	make_0bp_genotyping_probes_lhs	CTCATGGAGCCGTACACGAACGCTC	CGCTGTTCGTGTGGGGACCGATGAG
SLC23A2 c.1417G>A_LHS_1	ACGCAAAGAGGGCGCTGAACTTCCC	GATCATGCCCAGAGCGAGCATGAGG		SLC23A2	315		1417	1416	CTG	TAG		8	0	make_0bp_genotyping_probes_lhs	ACGCAAAGAGGGCGCTGAACTTCCC	GATCATGCCCAGAGCGAGCATGAGG
MKI67 c.8158A>C_LHS_1	CACGTGTCCTGAGATGCCTCTTTGT	GCTTGCTGTGGTGTCTACCACTTCT		MKI67	316		[7078, 8158]	[7077, 8157]	GTA	TAG		8	0	make_0bp_genotyping_probes_lhs	CACGTGTCCTGAGATGCCTCTTTGT	GCTTGCTGTGGTGTCTACCACTTCT
TAF1B c.1386G>T_LHS_1	TTTTTTTCCAGCAGTTGCTGTTGAC	TCGACCAGTGTGCTAAATTGTTTCT		TAF1B	317		1386	1385	TGC	TAG		8	0	make_0bp_genotyping_probes_lhs	TTTTTTTCCAGCAGTTGCTGTTGAC	TCGACCAGTGTGCTAAATTGTTTCT
SETD5 c.4131C>T_LHS_1	GTCTGATGGCAATGACGACCTAGAG	TTCTGAGGAAAGGAGGTGGAACTCA		SETD5	318		[4131, 4188]	[4130, 4187]	CTG	AGA		8	0	make_0bp_genotyping_probes_lhs	GTCTGATGGCAATGACGACCTAGAG	TTCTGAGGAAAGGAGGTGGAACTCA
KIF20B c.4945A>G_LHS_1	TCCTCTTCCGAGCCTTGGGAATCTT	AACTGTCACTGGTGTGGTACAACCA		KIF20B	319		[4945, 4825]	[4944, 4824]	GTA	CAC		8	0	make_0bp_genotyping_probes_lhs	TCCTCTTCCGAGCCTTGGGAATCTT	AACTGTCACTGGTGTGGTACAACCA
SACS c.7497C>T_LHS_1	TTCTAAGGCTTTGTGTCGCTTTGGG	ACTGCTCCTAGTTTTACTGCTACTT		SACS	320		[5247, 7497]	[5246, 7496]	TGC	CAC		8	0	make_0bp_genotyping_probes_lhs	TTCTAAGGCTTTGTGTCGCTTTGGG	ACTGCTCCTAGTTTTACTGCTACTT
PLCB3 c.707A>G_LHS_1	TCCAGCGTCAGGTATGGCTTGCCCT	TGGCGCCTATCTCCAGCAGGATCTT		PLCB3	321		[707, 506]	[706, 505]	TGC	CAC	not_found	8	0	make_0bp_genotyping_probes_lhs	TCCAGCGTCAGGTATGGCTTGCCCT	TGGCGCCTATCTCCAGCAGGATCTT
COX10 c.682C>T_LHS_1	CTAGCAATGGGCTGATCTGTCCACG	AACCAGCGGTCTGTTCTTTGTCCTA		COX10	322		682	681	TGC	CAC	not_found	8	0	make_0bp_genotyping_probes_lhs	CTAGCAATGGGCTGATCTGTCCACG	AACCAGCGGTCTGTTCTTTGTCCTA
SLC39A11 c.168T>C_LHS_1	AACTGCTGGGGCCAGAAGAGACCAA	TAGGAAGCTGCCAACATGACCCCTG		SLC39A11	323		168	167	GTA	TAG	not_found	8	0	make_0bp_genotyping_probes_lhs	AACTGCTGGGGCCAGAAGAGACCAA	TAGGAAGCTGCCAACATGACCCCTG
MDN1 c.2603C>T_LHS_1	TCAGGATGCCGAACCAGTGGCTCTG	TGTCTCCTCGATCCAGCAACACCAG		MDN1	324		2603	2602	TGC	TAG	TTAAGAGAAAATTACAAATT...	8	0	make_0bp_genotyping_probes_lhs	TCAGGATGCCGAACCAGTGGCTCTG	TGTCTCCTCGATCCAGCAACACCAG
ZNF609 c.2601C>T_LHS_1	AGCCCCTTCTTTAACCAACTGTTCG	GCGTCCTTTGATTTGACACTGTCTA		ZNF609	325		2601	2600	TGC	CAC		8	0	make_0bp_genotyping_probes_lhs	AGCCCCTTCTTTAACCAACTGTTCG	GCGTCCTTTGATTTGACACTGTCTA
RNF216 c.1896G>A_LHS_1	ATACAGGATGGTCTGGGGGAGCACC	TTCTCCAGCTCACTGGTTGGGAACG		RNF216	326		[1896, 1725]	[1895, 1724]	GTA	AGA		8	0	make_0bp_genotyping_probes_lhs	ATACAGGATGGTCTGGGGGAGCACC	TTCTCCAGCTCACTGGTTGGGAACG
BRD9 c.66G>A_LHS_1	TAGCTTTAGAGGCTTCTCCAGGGGC	TTGTCGGCATAATCCTCGTAGGACG		BRD9	327		66	65	GTA	AGA	not_found	8	0	make_0bp_genotyping_probes_lhs	TAGCTTTAGAGGCTTCTCCAGGGGC	TTGTCGGCATAATCCTCGTAGGACG
TBC1D13 c.66A>G_LHS_1	GCTGAGTTCCCGCAGCTTTTCCAAT	GCAATTGAGGGCTCCTTCAGGACAT		TBC1D13	328		66	65	CTG	CAC		8	0	make_0bp_genotyping_probes_lhs	GCTGAGTTCCCGCAGCTTTTCCAAT	GCAATTGAGGGCTCCTTCAGGACAT
TTC19 c.573G>A_LHS_1	AACAGCAAATTCCTGTCTGTTCTGC	GCAGCATAGATACTGGCCAGCTTTA		TTC19	329		573	572	TGC	AGA	not_found	8	0	make_0bp_genotyping_probes_lhs	AACAGCAAATTCCTGTCTGTTCTGC	GCAGCATAGATACTGGCCAGCTTTA
CCDC88C c.3372G>A_LHS_1	GAGCGCTGCGCTCTGGGAACTCAGC	GTGGAGTTCTCCACCTGCAGCTTGG		CCDC88C	330		3372	3371	GTA	CAC	not_found	8	0	make_0bp_genotyping_probes_lhs	GAGCGCTGCGCTCTGGGAACTCAGC	GTGGAGTTCTCCACCTGCAGCTTGG
ARID4A c.2760A>G_LHS_1	TTCACTAGTCAGTTGTTGGATGCAT	TGGTTTGACTCTGCTATCAATGATG		ARID4A	331		[2760, 1794]	[2759, 1793]	CTG	CAC		8	0	make_0bp_genotyping_probes_lhs	TTCACTAGTCAGTTGTTGGATGCAT	TGGTTTGACTCTGCTATCAATGATG
COPG1 c.663T>C_LHS_1	GTAGGCAAAGGGAGACTTAAGGCCA	TGCCGTGTGACCTTGCTGATCATCT		COPG1	332		663	662	GTA	AGA		8	0	make_0bp_genotyping_probes_lhs	GTAGGCAAAGGGAGACTTAAGGCCA	TGCCGTGTGACCTTGCTGATCATCT
AKAP9 c.1389G>T_LHS_1	CATTTCTCCCTTATGCCGTGTTTTC	ATTTCCTCCATCTGTGCCATGTGTT		AKAP9	333		1389	1388	TGC	AGA		8	0	make_0bp_genotyping_probes_lhs	CATTTCTCCCTTATGCCGTGTTTTC	ATTTCCTCCATCTGTGCCATGTGTT
KMT2C c.8685G>A_LHS_1	TTGAGCAGGTAGTTGAGTGGATGCC	TGAATGACATTTGCACTGGGGCCAG		KMT2C	334		[4305, 8685]	[4304, 8684]	TGC	CAC		8	0	make_0bp_genotyping_probes_lhs	TTGAGCAGGTAGTTGAGTGGATGCC	TGAATGACATTTGCACTGGGGCCAG
SBNO1 c.627G>A_LHS_1	CATGGTTGGGGAAAAACTCCTCATC	TTCATGTCGTTTATCCACATTCTAG		SBNO1	335		[624, 627]	[623, 626]	CTG	TAG		8	0	make_0bp_genotyping_probes_lhs	CATGGTTGGGGAAAAACTCCTCATC	TTCATGTCGTTTATCCACATTCTAG
ANO10 c.799A>G_LHS_1	GTGTCCCCCACCTGTAGGTCATGTT	GGCACAGCCACGCTTCCACAGTTCC		ANO10	336		799	798	TGC	AGA		8	0	make_0bp_genotyping_probes_lhs	GTGTCCCCCACCTGTAGGTCATGTT	GGCACAGCCACGCTTCCACAGTTCC
PARP9 c.1444A>G_LHS_1	CCACGTTGAATCCCATCAGATTGAT	GGCAGGAGATCTAGCTTCAAGCCCA		PARP9	337		[1444, 184, 1549]	[1443, 183, 1548]	CTG	CAC		8	0	make_0bp_genotyping_probes_lhs	CCACGTTGAATCCCATCAGATTGAT	GGCAGGAGATCTAGCTTCAAGCCCA
GLB1 c.1824G>C_LHS_1	GATGGTGTTTGGGGCCGAGGTCATC	AGGATGTGCTGGGGCACAAACAAGG		GLB1	338		[1824, 1431]	[1823, 1430]	TGC	AGA		8	0	make_0bp_genotyping_probes_lhs	GATGGTGTTTGGGGCCGAGGTCATC	AGGATGTGCTGGGGCACAAACAAGG
LMTK2 c.3852A>G_LHS_1	GTCGCTGTTTTCGTCCTCCTCGTCT	GCATCCATCCCGTCCTCTGAGAGGT		LMTK2	339		3852	3851	CTG	AGA		8	0	make_0bp_genotyping_probes_lhs	GTCGCTGTTTTCGTCCTCCTCGTCT	GCATCCATCCCGTCCTCTGAGAGGT
NCBP1 c.1428G>A_LHS_1	AATGCAGGTTGGGTTTGCAGGACAC	AGAGCTGAGAAGGTAGGAGGAACAA		NCBP1	340		1428	1427	GTA	AGA		8	0	make_0bp_genotyping_probes_lhs	AATGCAGGTTGGGTTTGCAGGACAC	AGAGCTGAGAAGGTAGGAGGAACAA
SPN c.879C>T_LHS_1	GTCCACCACCCCGTTACGCTTGCCG	CCTCTGCTCAGCACGAGGGCCCCAG		SPN	341		879	878	TGC	TAG		8	0	make_0bp_genotyping_probes_lhs	GTCCACCACCCCGTTACGCTTGCCG	CCTCTGCTCAGCACGAGGGCCCCAG
HTT c.8157G>A_LHS_1	CAGTTCTGTCAGCGTCACATACATC	AGCTCAAACTGGTTGCGCTCGGTGA		HTT	342		8157	8156	CTG	AGA		8	0	make_0bp_genotyping_probes_lhs	CAGTTCTGTCAGCGTCACATACATC	AGCTCAAACTGGTTGCGCTCGGTGA
CEP350 c.4336A>G_LHS_1	CACAGATTTGACGTGCTGCGTCTGT	GGTGAGGCGAGCAGTTTCTGACTGC		CEP350	343		4336	4335	CTG	TAG		8	0	make_0bp_genotyping_probes_lhs	CACAGATTTGACGTGCTGCGTCTGT	GGTGAGGCGAGCAGTTTCTGACTGC
USP24 c.4029A>G_LHS_1	ACTCCCAACAAGATCAAGCCGTCCT	GCAGCCGCAGCCCATGACAATCTCA		USP24	344		4029	4028	CTG	AGA		8	0	make_0bp_genotyping_probes_lhs	ACTCCCAACAAGATCAAGCCGTCCT	GCAGCCGCAGCCCATGACAATCTCA
MCM10 c.2003A>G_LHS_1	TTTGTTTTTGTAAGAACCTGGCCTT	TTGCCCTTAATTTGGTGATAGCAGC		MCM10	345		[2003, 2006]	[2002, 2005]	TGC	TAG		8	0	make_0bp_genotyping_probes_lhs	TTTGTTTTTGTAAGAACCTGGCCTT	TTGCCCTTAATTTGGTGATAGCAGC
ERAP1 c.1540G>A_LHS_1	TCATCATGGTTTTCACATCCACCCC	TTCCTGATGCCAATGTGAGGATGAA		ERAP1	346		1540	1539	GTA	AGA	not_found	8	0	make_0bp_genotyping_probes_lhs	TCATCATGGTTTTCACATCCACCCC	TTCCTGATGCCAATGTGAGGATGAA
MADD c.1440T>C_LHS_1	TGCAACATCCACAGAATCCACATCA	TTGCCATAGATGAGTGGGTTGAATT		MADD	347		1440	1439	TGC	CAC		8	0	make_0bp_genotyping_probes_lhs	TGCAACATCCACAGAATCCACATCA	TTGCCATAGATGAGTGGGTTGAATT
TRAPPC11 c.2370C>T_LHS_1	ATCCTGTCCTGGTTTTAAGCCAGCG	GTGAGCTTCACATCTCTGATTTGGG		TRAPPC11	348		[2370, 1188]	[2369, 1187]	GTA	AGA	not_found	8	0	make_0bp_genotyping_probes_lhs	ATCCTGTCCTGGTTTTAAGCCAGCG	GTGAGCTTCACATCTCTGATTTGGG
QSOX2 c.376A>G_LHS_1	AGTCATGGCACACGGCCTGGTTCTT	CTCTTCCATGCAGTCCAGAGCTGCG		QSOX2	349		376	375	TGC	TAG		8	0	make_0bp_genotyping_probes_lhs	AGTCATGGCACACGGCCTGGTTCTT	CTCTTCCATGCAGTCCAGAGCTGCG
C15orf39 c.355G>C_LHS_1	GTGGTGGGCCTGGGTAGGAGTGAGC	CTGGGGACTGAAGGGCAGGAGCTCA		C15orf39	350		355	354	TGC	TAG		8	0	make_0bp_genotyping_probes_lhs	GTGGTGGGCCTGGGTAGGAGTGAGC	CTGGGGACTGAAGGGCAGGAGCTCA
FMR1 c.414G>A_LHS_1	TGCCGCCTCTTTGGCACACATTTGC	CGTAAGTCTTCTGGCACATCCAGCT		FMR1	351		414	413	CTG	AGA	not_found	8	0	make_0bp_genotyping_probes_lhs	TGCCGCCTCTTTGGCACACATTTGC	CGTAAGTCTTCTGGCACATCCAGCT
INSR c.1650G>A_LHS_1	CACCGTCCAACTGTTGGAACCACAC	GCATCCTGCCCGTCGAACTCCGTCA		INSR	352		1650	1649	CTG	AGA		8	0	make_0bp_genotyping_probes_lhs	CACCGTCCAACTGTTGGAACCACAC	GCATCCTGCCCGTCGAACTCCGTCA
MON1A c.501T>C_LHS_1	CTCAGACCCATAGCGGGAGTACACA	GGCTTCCCTGCCTCACTCAGCACAA		MON1A	353		501	500	GTA	AGA		8	0	make_0bp_genotyping_probes_lhs	CTCAGACCCATAGCGGGAGTACACA	GGCTTCCCTGCCTCACTCAGCACAA
JAK2 c.1849G>T_LHS_1	CCAGAATATTCTCGTCTCCACAGAC	ACATACTCCATAATTTAAAACCAAATGCTTGTG		JAK2	354		1849	1848	CTG	TAG	not_found	8	0	manual		
BCR-ABL c.fusion_LHS_1	ATCCACCTCCAGGGTGCAGTACAGA	TTTGAACTCTGCTTAAATCCAGTGG		BCR	355		2784	2783	TGC	CAC	not_found	6	1	manual		
