name	generate_name	lhs_probe	rhs_probe	source
AGO2 c.574C>G	AGO2 c.574C>G	AAACCACACTTCTCGGCCCCCGCCA	TAGAGCAGCCTTCGGACGCGGTGAA	make_lung_met_probes
EPHA3 c.394G>T	EPHA3 c.394G>T	AAACTGATGCTCTCGAAATTTCACC	GATCATCATCAGACTCCATGTAGTA	make_lung_met_probes
ERBB4 c.2160G>T	ERBB4 c.2160G>T	AAAGCACCTGAGCCAAGGACTTTTA	TTCAGCTCAGTTTCTTTCAAAATAC	make_lung_met_probes
PTEN c.697C>T_1		AAAGTACATGAACTTGTCTTCCCGT	GTGGGTCCTGAATTGGAGGAATATA	CL_impact_panel
PIK3CG c.1850_1851delinsCT	PIK3CG c.1850_1851delinsCT	AACCCAACATCCAAAGCACTTTGAT	ACTTCCCTTCTGGCCAACAATTGGT	make_lung_met_probes
ARID2 c.4483del	ARID2 c.4483del	AACGTCAGATGATAGGGCAGGAGAA	ACTTTTGATCCTGAGTCGGGAACTG	make_lung_met_probes
PHOX2B 0bp	PHOX2B 0bp	AACTTGGCGCGGCGGTTCTGGAACC	ACACCTGGACTCGCGCCTCTGTGAG	make_lung_met_probes
RAC1 c.267A>C	RAC1 c.267A>C	AAGAACACATCGGCAATCGGCTTGT	TGCCCCGGGAGGTTATATCCTTACC	make_lung_met_probes
PIK3CG c.719C>T	PIK3CG c.719C>T	AAGAAGCTCTGCAGGATGGCGCCGG	GTCGTCGGGTGAGACCTTAATGGTC	make_lung_met_probes
SOS1 c.1444G>C	SOS1 c.1444G>C	AAGACGATATTCTGCATTGCTAGCA	AAGTCTTGGCTGCCCATGATTTGAT	make_lung_met_probes
CHEK1 c.1303G>A	CHEK1 c.1303G>A	AAGCCGGAAGTCAACCAATATTTTA	CCATTTCTAACAAATTCACTTTGAA	make_lung_met_probes
RB1 c.1641_1657del	RB1 c.1641_1657del	AAGGGATTCCATGATTCGATGTTCA	ATTTCTCTTGTCAAGTTGCCTTCTG	make_lung_met_probes
PAK5 0bp	PAK5 0bp	AAGGTAGGAGAGAGCTCTCAGAACT	GACAGGCAGACAGTAGCTATCTGTT	make_lung_met_probes
PHOX2B c.124_126	PHOX2B c.124_126	AAGTGGTCCTTATCGGGTTATACTG	ACTGGCCTGGCTGCAGGAACTGAAG	make_lung_met_probes
TET1 c.3681G>T	TET1 c.3681G>T	AATACTGTTTTGGGTTGCATAATGG	CGTTTGAGCCAGTGGTTTCCATATT	make_lung_met_probes
MYD88 0bp	MYD88 0bp	AATAGACCAGACACAGGTGCCAGGC	AGGACATCGCGGTCAGACACACACA	make_lung_met_probes
PTEN c.388C>*		AATATGCACATATCATTACACCAGT	TTCCAGCTTTACAGTGAATTGCTGC	CL_impact_panel
NTRK1 c.1979A>G	NTRK1 c.1979A>G	AATCACCAATCTTGACCACCAGTCC	ACTAGACAGTTGCGTGTGGCCAGGT	make_lung_met_probes
PRKD1 c.891G>C	PRKD1 c.891G>C	AATCTGCAATCTTTGCACTGCAAGC	GCCTGAAAAGCCCCTTCAGAAGCTT	make_lung_met_probes
BRAF c.1726G>T	BRAF c.1726G>T	AATGATATGGAGATGGTGATACAAG	AGCCCTCACACCACTGGGTAACAAT	make_lung_met_probes
NOTCH2 c.5041C>A	NOTCH2 c.5041C>A	AATGATGACAACAGCAACAGCAAGG	AGAGGAGCTGAGTGCGTTCTGGAGT	make_lung_met_probes
NTRK3 c.2001G>T	NTRK3 c.2001G>T	ACAAAGTGCTGGGAGGCCAGGTACA	TACCCGAGGCGATCTGACTGGCAAT	make_lung_met_probes
FANCC c.262A>G	FANCC c.262A>G	ACAACATAAGCACCATATTAGAATT	GGCTTTCATCATATGCTAAAATAAA	make_lung_met_probes
STK11 c.190A>T	STK11 c.190A>T	ACAGCGTCTCCGAGTCCAGCACCTC	ACCTTGCCGTAAGAGCCTTCCCCCA	make_lung_met_probes
MDM4 c.1363G>A	MDM4 c.1363G>A	ACAGTGAAAACAAGTGACAAGATGG	CCTTCCATGAATAATGTTCCCGTCT	make_lung_met_probes
NCOR1 0bp	NCOR1 0bp	ACATTCTCTGCCTCTCTGGCTCTCC	ATCCACATCCTCATCAGCGCTGCAC	make_lung_met_probes
PRKN 0bp	PRKN 0bp	ACCACCTCCTTGAGCTGGAAGATGC	TGGTGTCAGAATCGACCTCCACTGG	make_lung_met_probes
STAG2 0bp	STAG2 0bp	ACCAGCCATGGTAAGTGGATAATCT	CCACTATCCTCATCGAATTCTTCAG	make_lung_met_probes
MDC1 c.1099G>T	MDC1 c.1099G>T	ACCAGCCTGGCTCTCCTGCAGATGG	AGGCCTGGTGCTCCAGGACCCCTTG	make_lung_met_probes
FGF4 c.151G>T	FGF4 c.151G>T	ACCGGCAGGCGCGCCAACGAGAGCG	AGGCTCTCCCAGCGGCGCTCCAGCT	make_lung_met_probes
COP1 c.168dup	COP1 c.168dup	ACCGGGCCCCCGAGGCCGCCCGAGC	TGGGCCACCCCGCCGGACACCAGCG	make_lung_met_probes
RPTOR 0bp	RPTOR 0bp	ACGCAGTGCCTTCCTCGATGATCGT	CGGCAGCTGAGACAGACAGATGTCA	make_lung_met_probes
INHBA c.430G>T	INHBA c.430G>T	ACGCTCCACCACTGACAGGTCACTG	CCTTGGAAATCTCGAAGTGCAGCGT	make_lung_met_probes
PIK3CG 0bp	PIK3CG 0bp	ACTCCAGCTCATCGTCGTGCACGTT	GCTGACGTCAGTGACGTCATAGCCA	make_lung_met_probes
PTPRD c.572C>A	PTPRD c.572C>A	ACTCTTCACTCTGCTCAATCTGAAG	CCTCTTATTGGTGTACCACCAATAG	make_lung_met_probes
PAK5 c.359C>T	PAK5 c.359C>T	AGAAGGTGATGAAGCCATTTTCTTC	GGCCTGGACCGTGGCTGGAGGCTCC	make_lung_met_probes
YAP1 c.358C>T	YAP1 c.358C>T	AGAGGAATGAGCTCGAACATGCTGT	CAGGGCTCCTGCAGTGCCTGCATCA	make_lung_met_probes
JAK3 c.386T>C	JAK3 c.386T>C	AGAGGTGCTCCAGGACTGGCAGGTC	TAGCACTGGCCAAATCCTTGCGTAG	make_lung_met_probes
RB1 0bp	RB1 0bp	AGATACATATCTGCTGCAGTGTGAT	TATTCTGGAGAGGAAGATTAAGAGG	make_lung_met_probes
KEAP1 c.959G>C	KEAP1 c.959G>C	AGATCAGGCGGCCCACCTTGGGCGC	AGGGCATCACCTGCGTGGGCTTGTG	make_lung_met_probes
KLF4 0bp	KLF4 0bp	AGCAGCGCGTCGCTGACAGCCATGT	CAGACTCGCCAGGTGGCTGCCTCAT	make_lung_met_probes
FGF3 0bp	FGF3 0bp	AGCCCACTCTGTAGCTGCCGCACCA	TCTCGTGGTCCCTGTGGTCCAGCAC	make_lung_met_probes
TGFBR2 0bp	TGFBR2 0bp	AGCGGTCATCTTCCAGGATGATGGC	ACAGTGCTCGCTGAACTCCATGAGC	make_lung_met_probes
SLX4 c.4036C>A	SLX4 c.4036C>A	AGGAGTGCGGGTGGCCCCCGGGGTG	CGGGAAGGGCTTCTGTGGCCTTGCC	make_lung_met_probes
SPOP c.292_294	SPOP c.292_294	AGGATGGAGAATTTGAATTTTGCCC	TCACTCTTTGGACAGCTGACCAGTA	make_lung_met_probes
AMER1 0bp	AMER1 0bp	AGGATGGCTCTGAGGTTGGTCCTTC	TGTCGCCTCAGCTGCCTTGTTCTTG	make_lung_met_probes
TGFBR2 c.487_489	TGFBR2 c.487_489	AGGCTGATGCCTGTCACTTGAAATA	AGCAACAAGTCAGGATTGCTGGTGT	make_lung_met_probes
PARP1 c.1087G>T	PARP1 c.1087G>T	AGGGCGGAGGCGTGGCCGCCACGGA	TGGTTTCTGGGGGGAATATACGGTC	make_lung_met_probes
ATR c.7487A>G	ATR c.7487A>G	AGGTTTCTCCCTTATTGAAAAGACA	GAAATCTACATGTACGCATTCACCA	make_lung_met_probes
PIK3C2G c.2593G>T	PIK3C2G c.2593G>T	AGTATTTACATCTTGAAAGAACTCT	AGTCTGCCAATTTCTTTCTTCAGTA	make_lung_met_probes
FH c.403C>T	FH c.403C>T	AGTCTGCCATACCACGAGAGGAAAA	CATTTAATTTACCTTCAGCTACCTC	make_lung_met_probes
ETV1 c.560G>T	ETV1 c.560G>T	AGTTACAGGGTTCAGAAAGCTGGCG	AAATCTGTGGTCCATGGGGTAGCTG	make_lung_met_probes
SHOC2 0bp	SHOC2 0bp	AGTTCTGTTAATTGAGTCAACTCTT	TGATTGATGATGGCAATATGTGTAT	make_lung_met_probes
PTPRD c.4847G>T	PTPRD c.4847G>T	AGTTTCTAGCTGGCACTTCGGTATT	AAGTCACTGCTTCTAACAGTGCATC	make_lung_met_probes
ATM c.2545G>T	ATM c.2545G>T	ATAGATTCATGGATGACTGATCCTC	CCATTAGATTTCCATTAGTATCATC	make_lung_met_probes
NFE2L2 0bp	NFE2L2 0bp	ATCACTGAGGCCAAGTAGTGTGTCT	CCATAGCTGGAAGATTCCACTGAGT	make_lung_met_probes
NOTCH1 0bp	NOTCH1 0bp	ATCAGCTGGCACTCGTCCACATCCT	CGGTACAGTACTGACCTGTCCACTC	make_lung_met_probes
KRAS c.436G>A	KRAS c.436G>A	ATCATCAACACCCTGTCTTGTCTTT	GATGTTTCAATAAAAGGAATTCCAT	make_lung_met_probes
PTPRD c.1243C>G	PTPRD c.1243C>G	ATCCCTCGGGGCACTGGATGGTGCT	TGAGGTTTGTGTTAGCACAGGTTCG	make_lung_met_probes
BAP1 c.344_358del	BAP1 c.344_358del	ATCCTTTGCTCTCAGGGCTGAAACC	GCGACTCAGGGTGGGTCCCAGGTCC	make_lung_met_probes
INPP4A c.237C>G	INPP4A c.237C>G	ATCTCCGTCTGTGCATGCTTCGTCC	ATGCCTGAGGAGGGGTGGTGACACT	make_lung_met_probes
SMARCA4 0bp	SMARCA4 0bp	ATCTTGGCGAGGATGTGCTTGTCTT	TGATGATGTACTCGTACGTCGTCAG	make_lung_met_probes
MYCN 0bp	MYCN 0bp	ATGACCACCTTGGCGGCCTTCTCAT	TCTTTACCAACTCCGGCACGTGGTC	make_lung_met_probes
RRAS 0bp	RRAS 0bp	ATGGCGAACACCAGCAGGAAGCCGT	GGCCAGCACGCATGTACTGCTCTCT	make_lung_met_probes
KEAP1 c.1802_1803delinsTT	KEAP1 c.1802_1803delinsTT	ATGGTGACAGCCACGCCCACCCCAC	TGTCATTCGGGTCACCTCGCTCCAG	make_lung_met_probes
NTRK2 c.2408T>C	NTRK2 c.2408T>C	ATGTGGGGCTCTCGCTGCCAGCACC	ATCAGCTCATACACCTCCTGGGGGC	make_lung_met_probes
CCNE1 0bp	CCNE1 0bp	ATTCAAGGCAGTCAACATCCAGGAC	ACAGAGATCCAACAGCTCTGCAATC	make_lung_met_probes
HGF c.418_420	HGF c.418_420	ATTTGATGCCACTCTTAGTGATAGA	GTTCCCTTGTAGCTGCGTCCTTTAC	make_lung_met_probes
EPHA5 c.1292T>C	EPHA5 c.1292T>C	CAAAGGTATAGTTTGTGTGAGCGAG	TCCACCATCATGACAGAGGTGTTTT	make_lung_met_probes
NUP93 0bp	NUP93 0bp	CAAGAATCATATCGAACTCTCGGCT	TTCAATCACAAGCTCACTCACACAG	make_lung_met_probes
POLE c.3782T>G	POLE c.3782T>G	CAAGCCATTCCTCCTGGCTGGTTCC	AGGCTGCCCCAAGATTTCCTGCCAG	make_lung_met_probes
SCG5 0bp	SCG5 0bp	CAATGCCCAATTGCTCCATAACACC	ATGAAGCAGCCTCTGGATATCTGCT	make_lung_met_probes
NF1 c.3774G>C	NF1 c.3774G>C	CAATTCTACTTCTTTAGAAAACATG	AGAGCAGTTGGTAGAGTAAATGCCG	make_lung_met_probes
STK11 c.493G>T	STK11 c.493G>T	CACAATGCCCTGGCTATGCAGGTAC	AGGCCGTCAATCAGCTGACAGAAGT	make_lung_met_probes
INPP4A 0bp	INPP4A 0bp	CACACACTCTGGCTGCATCTTCCTC	TAGTAGGAGCTTCACGAACTGCCGG	make_lung_met_probes
EPHA5 0bp	EPHA5 0bp	CACAGCCACATTCGCAGCAACTTCC	ACTGAGGAGGACGCCGATAACCACT	make_lung_met_probes
DICER1 0bp	DICER1 0bp	CACATGGCTGAGAAGTATACCTGTC	TAAGACCACCAGGTCAGTTGCAGTT	make_lung_met_probes
PREX2 0bp	PREX2 0bp	CACCACATTGCACTTGATGCCAGCT	GTGCTGTCGTACTCATACACGACAC	make_lung_met_probes
SOX9 c.253G>A	SOX9 c.253G>A	CACCGGCATGGGCACCAGCGTCCAG	AGCCTTTGAGCACCTGGCTGACCGC	make_lung_met_probes
FGFR4 c.604C>G	FGFR4 c.604C>G	CACGAGACTCCAGTGCTGATGGCGC	AATGCCTCCAATGCGGTTCTCCCCA	make_lung_met_probes
HGF 0bp	HGF 0bp	CACTGAGGAATGTCACAGACTTCGT	AGCGTACCTCTGGATTGCTTGTGAA	make_lung_met_probes
NCOA3 c.2542A>G	NCOA3 c.2542A>G	CACTGCTCGGTTATATGGAGGACGA	ACTGCACAGACTGTGAACTTTTCAA	make_lung_met_probes
PIK3C2G 0bp	PIK3C2G 0bp	CACTTGAATAAGCTGCAGAACAAGC	ATATCCTGACGAAGATCATCTCCAG	make_lung_met_probes
RAC1 0bp	RAC1 0bp	CAGCACCAATCTCCTTAGCCATGGC	TAGACCCTGCGGATAGGTGATGGGA	make_lung_met_probes
FGF4 0bp	FGF4 0bp	CAGCAGGTAGTCGCCGGCGCCGCTC	TGGACGGCCGCCTCCTTGGGCTGCG	make_lung_met_probes
NTHL1 0bp	NTHL1 0bp	CAGCCTGTTGGCGATTCTGTGCACA	TGCGTGTCCACTGCAATGCCTGACA	make_lung_met_probes
BCL2 c.190G>T	BCL2 c.190G>T	CAGCGGCGAGGTCCTGGCGACCGGG	TGCGGCTGGATGGGGCGTGTGCCCG	make_lung_met_probes
SLX4 0bp	SLX4 0bp	CAGGAAGTGGTGGCGTGCTAGACAA	TTCCACTTCCTCAGAGAGGAGCAGG	make_lung_met_probes
PARP1 0bp	PARP1 0bp	CAGGACATGCGCAGAGTGTTCCAGT	CCAGAATCAGGATCCACAGCTGCTC	make_lung_met_probes
NSD1 0bp	NSD1 0bp	CAGGACTCCGGTAAGAGACCAGGTT	TTGAGCAGTCATCAACCGCTGCTCC	make_lung_met_probes
FH 0bp	FH 0bp	CAGGCAGTAGTGTTCATGGCTCCAC	TGAGCTCAACCAGAGCGTCATGAGC	make_lung_met_probes
TP53 c.1119_1143del	TP53 c.1119_1143del	CAGGCCCTTCTGTCTTGAACATGAG	TTTGGACTTCAGGTGGCTGGAGTGA	make_lung_met_probes
BCOR c.2538_2539delinsAT	BCOR c.2538_2539delinsAT	CAGGGCGATGAAATCACGGTGCTGC	GGGCCGGCTCAACTGAGGGCTTGGG	make_lung_met_probes
PTPRS c.2488G>A	PTPRS c.2488G>A	CAGGGTTGGGCGGCCCAGCACTGCT	GGTCACAACCACCTTGGGTTTGCTG	make_lung_met_probes
FGFR4 0bp	FGFR4 0bp	CAGGTCCTTGTCAGAGGCGTTGTCT	TTGAGCATCTTGACGGCCACAGTGC	make_lung_met_probes
FGF3 c.664C>T	FGF3 c.664C>T	CAGTCTCGAAGCCTGAACGTGAGAG	TCCAGGTTATCCGGGCTCTGCTTCT	make_lung_met_probes
DROSHA c.2731_2733	DROSHA c.2731_2733	CAGTTAGATAATGAATTCCTGGCAT	TTCATTCCAAAATTTAAATGATGAC	make_lung_met_probes
NTRK3 0bp	NTRK3 0bp	CAGTTCTCTATGTGTATGGAAGTGA	TATTCCTTGAGATGTCCGTGATGTT	make_lung_met_probes
CHEK1 0bp	CHEK1 0bp	CATATCTACAATCTTCACTGCGACT	GCTTCTTCAGTTACTCTATTCACAG	make_lung_met_probes
SLX4 c.2911G>C	SLX4 c.2911G>C	CATCATCTGAGTGCGGAAGAGAGCC	TTCTCTCTGCCTGGCAGTCCCTGGA	make_lung_met_probes
TP53 c.595_597	TP53 c.595_597	CATCCAAATACTCCACACGCAAATT	TCCACTCGGATAAGATGCTGAGGAG	make_lung_met_probes
CTNNB1 c.2266C>G	CTNNB1 c.2266C>G	CATCCATGAGGTCCTGGGCATGCCC	CTGGCAGCCCATCAACTGGATAGTC	make_lung_met_probes
U2AF1 0bp	U2AF1 0bp	CATCTCATACTGACGGCAGCAGGCT	TCTCTGAAGTCCGTCACGGGTGACA	make_lung_met_probes
ARAF c.1039C>A	ARAF c.1039C>A	CATCTCATTCTTGAAAGCCTGGGCC	TCAGCTGTGGGCTGGGACACCTTGA	make_lung_met_probes
TSHR c.2158C>A	TSHR c.2158C>A	CATCTCGTGGGTAACCTTTTGAACC	ATCAGTGCTGTTCTTTGGAGGAACC	make_lung_met_probes
YAP1 0bp	YAP1 0bp	CATCTGCAGTTGCTGCAGTCGCATC	TGTTGCTGCTGGTTGGAGTTGCTGC	make_lung_met_probes
CARD11 0bp	CARD11 0bp	CATCTGCTGCTGCAGCTTGATGACC	TCGTTCATCAGGAAGTGCGTGAGGC	make_lung_met_probes
MGA 0bp	MGA 0bp	CATGGAGGAAGATGCAGCTGCAGTC	ACCACGACTAAGGAGGTGGAAGCAG	make_lung_met_probes
ARAF 0bp	ARAF 0bp	CATGTCGAAGCGTGTGTCGGCCACA	TGCAGGTGATGGTAGAGGCTGGAGC	make_lung_met_probes
SCG5 c.556T>C	SCG5 c.556T>C	CATTATCCAGTCTCTGTCCTTGTAG	GGATTGACACTCCTCCGCTTTCGTC	make_lung_met_probes
ATRX 0bp_1	ATRX 0bp	CATTGTTCATCCATTCCATCTGAGT	CACGGCTAATATCATCACTCATGTA	make_lung_met_probes
SPOP 0bp	SPOP 0bp	CCACAGTCCTCCTAACTCATCTGCC	AGCCGGCACTCAGGAACCTTTACCA	make_lung_met_probes
KEAP1 c.1084_1086	KEAP1 c.1084_1086	CCACCACGCAGCCGGCCAGGCCGCT	ACCTGCAGGTCCGCCAACCGGAGCC	make_lung_met_probes
WT1 0bp	WT1 0bp	CCAGGCACACGTCGCACATCCTGAA	TGCCTCTGAAGACACCGTGCGTGTG	make_lung_met_probes
KMT2D 0bp	KMT2D 0bp	CCATCACGCCATTCAGGTTCTTGGC	TGCAGCAGCAGAGACTGTGAGCATG	make_lung_met_probes
ATRX c.1617G>T	ATRX c.1617G>T	CCATCCCCTTGATGATCAACTGAAC	GAACTTCCATAGCAGTCTCAAGATT	make_lung_met_probes
ERBB4 c.2834G>T	ERBB4 c.2834G>T	CCATGACCATGTAAACGTCAATAGT	TGGGAGGCTGAGGCAAACGTTCTCC	make_lung_met_probes
NOTCH2 c.5179_5181	NOTCH2 c.5179_5181	CCCACAGCATCCTGTCCCACTGGCT	TTGTGATTGCTTGCATCTCGGCGAA	make_lung_met_probes
GATA2 c.410C>A	GATA2 c.410C>A	CCCCAGCCCCTGGGTACACAGAGAG	TCCAGGGCCTCCAGCAGCTGAGGGG	make_lung_met_probes
KEAP1 c.1666G>A	KEAP1 c.1666G>A	CCCCTGGTGGACAGTGATCCCCAGG	TCGCCGGTGCTTCATGGGGGCTACG	make_lung_met_probes
FAT1 c.3097G>T	FAT1 c.3097G>T	CCCCTTTTCCACAAAGCTGGAAAAC	TGGGTGCAGGTTCTCATTCACATCA	make_lung_met_probes
CDKN2A c.41A>T	CDKN2A c.41A>T	CCCGGGCCGCGGCCGTGGCCAGCCA	AGCCGAAGGCTCCATGCTGCTCCCC	make_lung_met_probes
INHBA 0bp	INHBA 0bp	CCGCATGCGGTAGTGGTTGATGACT	GTTGAGTGGAAGGACAGTGAGGACC	make_lung_met_probes
KDR c.3127A>G	KDR c.3127A>G	CCGGGCCAAGCCAAAGTCACAGATT	ACGTTCTTCTCCGATAAGAGGATAT	make_lung_met_probes
ATR 0bp	ATR 0bp	CCGGTCAATGAATTGACACAGAATT	TGTCTTGGCTTCTGTACAACTGTAT	make_lung_met_probes
CDKN2A 0bp	CDKN2A 0bp	CCGGTGCAGCACCACCAGCGTGTCC	AGGAAGCCCTCCCGGGCAGCGTCGT	make_lung_met_probes
PMS2 0bp	PMS2 0bp	CCGTGACTGGAACTCACTGCCTCTT	TCTGAGGTCTCAGGACGCCTTTGTC	make_lung_met_probes
TET2 c.4954C>T	TET2 c.4954C>T	CCTATACAGATCCATCGGCTGAGAC	AGAATAGGAACCCAGATATGGGGAG	make_lung_met_probes
SDHC c.114G>A	SDHC c.114G>A	CCTATATTCTTATTCCAGAACCGCT	TCTTCTTTGGCCGTGGTTCCCAAAG	make_lung_met_probes
SH2D1A c.71G>T	SH2D1A c.71G>T	CCTCAGCAAATAGCTGCCATCCAGC	AGTGGCAAGCAGGAGCTTCTCGCCG	make_lung_met_probes
CSF1R 0bp	CSF1R 0bp	CCTCATCACACCTATCAGTGTGGCC	ACTGCACTGCAGCCATGTCACGTTG	make_lung_met_probes
NTRK2 0bp	NTRK2 0bp	CCTCCACGCAGACGCCATAGAACTT	GACGATGTGCTCATGCTGGAGGTTG	make_lung_met_probes
MDC1 c.898G>A	MDC1 c.898G>A	CCTGCTGTCATCATCCACATCTGTG	TGTCCTCTCCAGGAGGTTGGCTCCT	make_lung_met_probes
DICER1 c.3595G>C	DICER1 c.3595G>C	CCTGCTTGTAGTAATTTAGCTGATT	TGGCAAAAGTCTCTGTTAGCTAAAT	make_lung_met_probes
KMT2B c.1375C>T	KMT2B c.1375C>T	CCTGGAGCACGTAGCTGGGACCACA	AGGGGATTCCTCCTGCTCCTCTTGG	make_lung_met_probes
INPP4B 0bp	INPP4B 0bp	CCTTATGTTCTGGTAGGACACTGGT	TCGAACGGTGTCATGAGACTTATCC	make_lung_met_probes
CDK12 c.4241C>T	CDK12 c.4241C>T	CCTTCAGGAATGGTTGCCCGACCAC	GTAACGCTAAGGGGACCCTGGCAAA	make_lung_met_probes
DROSHA 0bp	DROSHA 0bp	CGAATCCACACAGGCTTAAGAAGTT	CTTCTTCTTCCTCCTCATTCTTGTC	make_lung_met_probes
NKX3-1 0bp	NKX3-1 0bp	CGACAGGTACTTCTGATGGCTGAAC	TTCCTCTCCAACTCGATCACCTGAG	make_lung_met_probes
PGBD5 0bp	PGBD5 0bp	CGAGGCTGCGGTTGCTGTAGAAGCC	TCCGCTCCAGATGCTGAGGACGGAC	make_lung_met_probes
SMO 0bp	SMO 0bp	CGCACTGGCCTGAACTGTTGAACTT	GATGTTCTGCACCTCATTCGTGCAG	make_lung_met_probes
EGFR 0bp_1	EGFR 0bp	CGCAGCGTGCGCTTCCGAACGATGT	GGCGCCTTCGCATGAAGAGGCCGAT	make_lung_met_probes
RET c.2173G>T	RET c.2173G>T	CGCCTTCTCCTAGAGTTTTTCCAAG	AAGTTCTTCCGAGGGAATTCCCACT	make_lung_met_probes
SMARCA4 c.1084G>A	SMARCA4 c.1084G>A	CGCGCTCCTGCAGGATCTCCACAGG	AGGCCCCGCGGCTTCTGGATGGGGG	make_lung_met_probes
ARID1A c.394dup	ARID1A c.394dup	CGCGGCTGAGTGAGGAGGCGCCCCC	ATCGCTGCTGCCGCCACCGCCGCCG	make_lung_met_probes
KEAP1 0bp	KEAP1 0bp	CGCTGTCGATCTGGTACATGACAGC	ACCGTTCATGACGTGGAGGACACAC	make_lung_met_probes
COP1 0bp	COP1 0bp	CGCTTCCTGCTGCCGCTGCCTAGGC	TGGAGCTGCTGCCTCCTACGCCGGC	make_lung_met_probes
PRKD1 0bp	PRKD1 0bp	CGGAAGCTGACAAGACCACTTCAAT	AAGATCGCCTTCCTGGATATCACTG	make_lung_met_probes
HIST1H3D 0bp	HIST1H3D 0bp	CGGACTAGACGCTGGAATGGCAGTT	TGCGAATCAGCAGCTCGGTCGACTT	make_lung_met_probes
HGF c.756C>A	HGF c.756C>A	CGGCAATAATTATCATCAAAGCCCT	CGGGATATCTTTCAGGCAAGAATTT	make_lung_met_probes
ERG 0bp	ERG 0bp	CGGCTACTTGTTGGTCCAAGAATCT	GATAAGGATCTAACTGAGGACGCTG	make_lung_met_probes
INHBA c.204del	INHBA c.204del	CGGCTGGGTGACATCGGGTCTCTTC	AGTGCAGCATGTTTAAAATGTGCTT	make_lung_met_probes
BRIP1 c.3025G>T	BRIP1 c.3025G>T	CGGTATTTTACCAGTAAAATACTGT	AAAGAATTAAAGCTTGACCAGCTAA	make_lung_met_probes
PLCG2 c.2965G>A	PLCG2 c.2965G>A	CGTAGTTTGAAGAGTCAACTCTTTG	TTGGGTAGACGCGGGTCAGGCCCTT	make_lung_met_probes
SOX9 0bp	SOX9 0bp	CGTCTTGCTGAGCTCGGCGTTGTGC	AAGTGCGGGTACTGGTCCGCGAGCT	make_lung_met_probes
EPHA5 c.1522G>A	EPHA5 c.1522G>A	CGTGTAGCTGGTCTCTTGGTCCTTT	TACTTGATTTCATACTCTAGGATGA	make_lung_met_probes
ABL1 c.586G>T	ABL1 c.586G>T	CGTTGAATGATGATGAACCAACTCG	AGGGTGTTGAAGCGGCTCTCGGAGG	make_lung_met_probes
ARID2 0bp	ARID2 0bp	CTACAGTGCTTGGATCTGCTCCTGC	TGGCACAGCAACCATTGTTGCGCTG	make_lung_met_probes
ATM 0bp	ATM 0bp	CTACTTCCTATATGACTTATCTCAT	TCACTAGCAGATCATATAAGTTGTA	make_lung_met_probes
PIK3CA c.2908G>A		CTCAAATTCTCTTGTCTTTGTGCAT	TGGGCTCCTTTACTAATCACTATTA	CL_impact_panel
SH2D1A 0bp	SH2D1A 0bp	CTCAACTGGATACTGCAGAGGTATT	ACAATGCCTTGATCTGGCTTCTGAA	make_lung_met_probes
GSK3B c.337C>T	GSK3B c.337C>T	CTCACCACTGGAGTAGAAGAAATAA	AATCGGACTATGTTACAGTGATCTA	make_lung_met_probes
BRCA1 0bp	BRCA1 0bp	CTCAGAGTTCTCACAGTTCCAAGGT	TAGAGAGTTGGACACTGAGACTGGT	make_lung_met_probes
MYC 0bp	MYC 0bp	CTCCAAGACGTTGTGTGTTCGCCTC	TTGACATTCTCCTCGGTGTCCGAGG	make_lung_met_probes
MDC1 c.1348G>A	MDC1 c.1348G>A	CTCCACGTCTGTGTCACTGTCTCTC	GGTGGTTTGGCTTCGCTGCAGAAGG	make_lung_met_probes
SERPINB4 c.647A>T	SERPINB4 c.647A>T	CTCCAGCAAGGCAAAATTAAAGGAA	TTGCCTCATCATCTGTACAGATTTG	make_lung_met_probes
KRAS 0bp	KRAS 0bp	CTCCATCAATTACTACTTGCTTCCT	GTAGGAATCCTCTATTGTTGGATCA	make_lung_met_probes
ABL1 0bp	ABL1 0bp	CTCCATGGTGTCCTCCTTCAAGGTC	TTCACGGCCACCGTCAGGCTGTATT	make_lung_met_probes
HOXB13 c.664C>A	HOXB13 c.664C>A	CTCCCGCAACTGCCCCTTGCTGTAC	GCGTTTCTTGCGGCCGCGACGAAAG	make_lung_met_probes
ALK c.2504del	ALK c.2504del	CTCCGGCTGCAATGATCAGGGGCAC	TCCATCCTTCATCTTAAATACGTAG	make_lung_met_probes
MTOR c.3690G>T	MTOR c.3690G>T	CTCCTAAGCATCCGATGCTGGTAAA	TCCTCCTCTTCATCAGCAAGTGTGT	make_lung_met_probes
PRKD1 c.211G>T	PRKD1 c.211G>T	CTCGCGGACGTGCGCCAGGCTGTAG	ACGAGTCCTGCAGCAGCAGCACCGG	make_lung_met_probes
ERG c.70G>T	ERG c.70G>T	CTCTGTCTTAGCCAGGTGTGGCGTT	AGGCACACTCAAACAACGACTGGTC	make_lung_met_probes
MDC1 0bp	MDC1 0bp	CTCTTCATCACTCTCTGGAACTATC	ACAGAGGAAGATGTGGTCCTTGATT	make_lung_met_probes
BAP1 0bp	BAP1 0bp	CTGACGGTTCACCTTCAGCACATGC	AGCCTGGCCTCATACTTGATCCTGC	make_lung_met_probes
FLT4 0bp	FLT4 0bp	CTGCCTGTGTCGTTGGCATGTACCT	CGTGCAGCAGCAACACCTTGCAGTA	make_lung_met_probes
NCOA3 0bp	NCOA3 0bp	CTGCTCGGCATCTGTAAGCCTTGGT	TTGGCGACATACTCATGCCGCCTAC	make_lung_met_probes
STAG2 c.3169A>C	STAG2 c.3169A>C	CTGCTGATTCCACTAATGACTGACA	GTCATCATCACCACCAGCTAGCAAA	make_lung_met_probes
PLCG2 0bp	PLCG2 0bp	CTGGTCACCTGTAAGGTACGTGTTA	TGTGACGAGGAGATCCAGTAATGAG	make_lung_met_probes
PRKN c.1016C>A	PRKN c.1016C>A	CTGGTCAGGCTCCGGCAGCAGCCCC	ACAGCCAGGGCGGGGGCATAACACG	make_lung_met_probes
DNMT1 0bp	DNMT1 0bp	CTGTGAAGCGGTTCAAGTTGAGGCC	AGAAGGAGGAACCGTGGTCTCGATC	make_lung_met_probes
PIK3C2G c.2251G>A	PIK3C2G c.2251G>A	CTGTGGGAGATATTCCAGTAGTTCA	CAAGAGGTTGTCTAATTGTTGAACT	make_lung_met_probes
ARAF c.203G>A	ARAF c.203G>A	CTGTGTCCCAGGCAGTGACCGTCTT	TCCCTTGATGAGTCGGTAGACCACA	make_lung_met_probes
SERPINB4 0bp	SERPINB4 0bp	CTGTTGGAACAGATCGAACATGAAC	TTGGTGTTGGCTTCACTGAGTGAAT	make_lung_met_probes
MGA c.7615G>A	MGA c.7615G>A	CTGTTTGCTAATTCTGGGAGATATG	TCATCTGATCCCATCTTCTTTTTTC	make_lung_met_probes
SOS1 0bp	SOS1 0bp	CTTCAACATACTGAAGAGCATCATC	ATTAGACTCGAGAGTAGGATGAACT	make_lung_met_probes
BTK c.1946G>A	BTK c.1946G>A	CTTCATCCATGACATCTAGAATATT	AGAAGAATTTTGAAAGTGGGACGCT	make_lung_met_probes
KDR c.2030C>A	KDR c.2030C>A	CTTCGATGCTTTCCCCAATACTTGT	GATTCTCCAGGTTTCCTGTGATCGT	make_lung_met_probes
NOTCH1 c.1717G>T	NOTCH1 c.1717G>T	CTTGCAGGAGCCGTAGTGGCAGGGG	CGCACTCATCGATGTCCACCTCGCA	make_lung_met_probes
TGFBR2 c.1021G>A	TGFBR2 c.1021G>A	CTTGCGCAGGTCCTCCCAGCTGATG	GCCGCGTCAGGTACTCCTGTAGGTT	make_lung_met_probes
STK11 c.97G>T	STK11 c.97G>T	CTTGCGGCGCGGCTGGTAGATGACC	GGAGTCGATGCGGTGGATGAACGTG	make_lung_met_probes
KMT2C c.5186C>G	KMT2C c.5186C>G	CTTTAAAAAGCTCCGAATCAATACG	TGGGATCAATGCTATCTTGCTGTTG	make_lung_met_probes
CTNNB1 c.122C>T		CTTTACCACTCAGAGAAGGAGCTGT	AGTGGCACCAGAATGGATTCCAGAG	CL_impact_panel
NOTCH1 c.2282C>T	NOTCH1 c.2282C>T	CTTTGCAGGTGCCGCCGTTGACACA	TGGATTCACACTCATTGTTGTTGAT	make_lung_met_probes
WT1 c.1369C>A	WT1 c.1369C>A	CTTTTCACCTGTATGAGTCCTGGTG	CTTCAGGTGGTCGGACCGGGAGAAC	make_lung_met_probes
PBRM1 c.703_705	PBRM1 c.703_705	CTTTTGTAGCTTCCATTCTGTATCC	AATGGTCTTGAGATCTATAGGCTCC	make_lung_met_probes
PIK3CA c.1624G>A	PIK3CA c.1624G>A	GAAAATCTTTCTCCTGCTCAGTGAT	AGAGAGGATCTCGTGTAGAAATTGC	make_lung_met_probes
POLE 0bp	POLE 0bp	GAAGATGATGTTGGCGTGGAAGGCC	TGCACCATCAGCAAGGCCTCACACA	make_lung_met_probes
FANCC 0bp	FANCC 0bp	GAAGGTGCCTGATCAGCTGTTGTGC	AGGAGCTCTGAGGTCTGTGTCTGTG	make_lung_met_probes
STK11 c.667G>T	STK11 c.667G>T	GAAGGTGTCCAGGCCGTTGGCAATC	TGGAAAGCCGGGGAGCCCTGGCTGG	make_lung_met_probes
STK40 0bp	STK40 0bp	GAAGTCATGAGCACAGAGGCAGTCC	AGGACGAGGCAGATGCGCTTCTTCA	make_lung_met_probes
NF1 0bp	NF1 0bp	GACATTGCAAGGACCGTACAGTGCC	TCAGTGATGCCAGCCTCCGAGACAT	make_lung_met_probes
EPHB1 c.2752G>T	EPHB1 c.2752G>T	GACCATTTTGATGGCGCTGAGCCAG	TCCACGGTGGTAAAGGCCGTGAAGT	make_lung_met_probes
STK40 c.1115A>G	STK40 c.1115A>G	GACGCATGTAGTTCTCAAACTCGTA	AGCACTCCTCCGTCACCTTCGCCTC	make_lung_met_probes
ARID1A 0bp	ARID1A 0bp	GACTGGAGCTGTGGTGGTTGAGACT	GTGGCTGCTGCTGATACGAAGGTTG	make_lung_met_probes
NCOR1 c.4881G>C	NCOR1 c.4881G>C	GAGAGTCCTCTGGCCACATCTGGAC	TTCACTTGCATCTGTTGTGAGGTAA	make_lung_met_probes
NF1 c.6307_6307	NF1 c.6307_6307	GAGAGTGAATGATATTAATGACCAG	TGTGTGGAAGCTCTAAGGGAGAGCG	make_lung_met_probes
RBM10 c.1054G>T	RBM10 c.1054G>T	GAGCTTGGCTCCGAGCCCTGTGACA	TGGGAGGCCAGGACTCCCTGGGCCT	make_lung_met_probes
KMT2C 0bp	KMT2C 0bp	GAGGCACAAGGAAGCGCTCTTGACT	CGGCATGGTACCATGACTACCTCCT	make_lung_met_probes
KMT2A 0bp	KMT2A 0bp	GAGGCATAAGCCAAGGTGTGTGGTC	AGAGATACTGGAGGCTGGCTGCAGT	make_lung_met_probes
BCOR 0bp	BCOR 0bp	GAGGTGGAGATCCTGGCATAGTGCT	TGTGGAACTCCGAGTAGGTGTCTGC	make_lung_met_probes
NF1 c.2166_2167dup	NF1 c.2166_2167dup	GAGGTTATGCACTGACACTTCATCC	ACACCGGATATCTGCTTCCTCACAG	make_lung_met_probes
CARD11 c.1804G>C	CARD11 c.1804G>C	GAGTAGCGTTCGTGACTGTCATCAT	TCTAAGGCGTCAAACCCGCCGCTGT	make_lung_met_probes
FAT1 0bp_1	FAT1 0bp	GAGTGCTCATGCTGCAGCTCTCGAT	CCAGAGGGCGTGCGATGTTAACAAC	make_lung_met_probes
TBX3 c.1313G>T	TBX3 c.1313G>T	GAGTGCTGGACGAGATGGTGGCGGG	GGCGTGAGTCGGGCGACGCTTTGTC	make_lung_met_probes
PTPRT c.826G>C	PTPRT c.826G>C	GATCAGCTCCGCGTAGTTGGACACA	ACCCACCATCAGAGCGGATCACACA	make_lung_met_probes
PTEN 0bp_1	PTEN 0bp	GATCAGGTTCATTGTCACTAACATC	TGGTGTTACAGAAGTTGAACTGCTA	make_lung_met_probes
PTPRT 0bp	PTPRT 0bp	GATGAACATGAGGAGGCCAGCGATC	ACGCCAGCCATCTTCACGGTGTTGT	make_lung_met_probes
MTOR 0bp	MTOR 0bp	GATGAGCACATCATAGCGCTGATGA	TTGATTCGGTGTCGCACCAGAACTT	make_lung_met_probes
JAK3 0bp	JAK3 0bp	GATGCCGGTACGACACTTGGCTCAT	CAAGCTCGCTGCTTCCAGGAATGAC	make_lung_met_probes
NCOA3 c.4072_4074	NCOA3 c.4072_4074	GATGGCCAGCCCTTCATTTCTGAGG	TAGATGGATGCAGCCTGCGGGTGTT	make_lung_met_probes
RBM10 0bp	RBM10 0bp	GATGTCATCCTCAGTGGCTGCCTGT	GGCAGCATCCTCAGCATGACGATGT	make_lung_met_probes
PLCG2 c.2638_2640	PLCG2 c.2638_2640	GCAAACTCCACCGGAGGATCGCCCT	TTGGGCTCCAGGATGAAGACAAAGG	make_lung_met_probes
AKT3 c.531G>C	AKT3 c.531G>C	GCAATAATGACTTCTTTCTTCAGAA	ATAGCATAGTATTTTCCACTTGCCT	make_lung_met_probes
RECQL4 0bp	RECQL4 0bp	GCACACGGCCATAGAGGAAGTCACA	TATCTGGTCCTTCTCCTCAGCGGTC	make_lung_met_probes
CSF1R c.2695C>A	CSF1R c.2695C>A	GCAGATCTGCTGGAAGGTGGGTCTG	GGGCTCCAAGGCCCAGCAGGCCTGC	make_lung_met_probes
IGF2 c.533C>T	IGF2 c.533C>T	GCAGGCCCCTGCGCAGGCGCTGGGT	GCTTCCAGGTGTCATATTGGAAGAA	make_lung_met_probes
FGFR4 c.2336A>T	FGFR4 c.2336A>T	GCAGGGGGTCGTGGCTGAAGACAGA	TGGAGGAGCAGGTGCTGCTGGCGTC	make_lung_met_probes
HGF c.838T>A	HGF c.838T>A	GCATGTTTTAATTGCACAGTACTCC	GTGAGGGTCAAGAGTATAGCACCAT	make_lung_met_probes
RECQL4 c.359G>A	RECQL4 c.359G>A	GCCACGGTCTGCGGCCCAGGGCTGG	TGCAGGGTGCCTTTCAGATTGGCCT	make_lung_met_probes
IGF2 0bp	IGF2 0bp	GCCAGGTCACAGCTGCGGAAACAGC	ACTCCTCAACGATGCCACGGCTGCG	make_lung_met_probes
FOXP1 c.80T>C	FOXP1 c.80T>C	GCCCCTCCCGAAGACCGCCGCACTC	TAAGTGGTTGCTGCCGCCCGACCCA	make_lung_met_probes
KLF4 c.1186del	KLF4 c.1186del	GCCGCAGCCCGCGTAATCACAAGTG	TGGCGGTCCTTTTCCGGGGCCACGA	make_lung_met_probes
IKBKE c.1447_1449	IKBKE c.1447_1449	GCCGCCTTCAGTTCCTGGATCTCAG	CCAGCCACGCTGCTGAACCTCTCAG	make_lung_met_probes
TBX3 0bp	TBX3 0bp	GCCGCTAACCAACCGCTGGATGCTC	TGCAGTTCGCTGGTGGCCGCCTCTT	make_lung_met_probes
HOXB13 0bp	HOXB13 0bp	GCGCCTCTTGTCCTTGGTGATGAAC	TTGTTAGCCGCATACTCCCGCTCCA	make_lung_met_probes
IDH2 c.1033G>C	IDH2 c.1033G>C	GCGGGTGACGGTCCCATGAGCGGCC	TCAATCGTCTTCCCATCAGGGCAGA	make_lung_met_probes
SMO c.73G>T	SMO c.73G>T	GCTCGAGGCCGCCCCCCGGCCCGGG	AGCAGCAGCAGCAGCAGCAGCCCCA	make_lung_met_probes
MYCN c.509G>A	MYCN c.509G>A	GCTCGGCGGGCAGGGCGGCCCCGGC	TCCCGCAGCCCCGCCGTGCCCGCGA	make_lung_met_probes
INPPL1 0bp	INPPL1 0bp	GCTCGTCCTGCTTGGAGTGCTTGTT	CTTCATGAGCTGCAACAGCTGGCAG	make_lung_met_probes
NTRK1 0bp	NTRK1 0bp	GCTGCAGATGCTGCTGGTTCTCGAT	GTAGAGCTCAGTCAGGTTCTCTGCG	make_lung_met_probes
EPHB1 0bp	EPHB1 0bp	GCTGTGGCCATGACAAGGTGATGCT	CCTCATAGTGGCACTGACTTGGTGC	make_lung_met_probes
CHEK1 c.851C>T	CHEK1 c.851C>T	GCTTAGAAAATCCACTGGGAGACTC	ACACCACCTGAAGTGACTCGGGGCC	make_lung_met_probes
XRCC2 0bp		GCTTCTCTAAGCACTGAGAACAT	TTCCTCAGAGTAGACTCCTGTAAGT	make_short_lung_met_probe
BRIP1 0bp	BRIP1 0bp	GCTTGCTGTTTAATCCTCTGAGAAT	AGAATTCATCATAGCAAGCTGTGAC	make_lung_met_probes
NTHL1 c.125G>A	NTHL1 c.125G>A	GCTTTTCCTCGCTTCTGCTGCAGCC	TCTCCGGAGAGGCCCGGGCTCCTCC	make_lung_met_probes
TET1 0bp	TET1 0bp	GGAACCACTGGTATCATTCAATGTC	TCTTCAGAGAATAGTCCTTCACCAC	make_lung_met_probes
KMT2A c.1471_1473	KMT2A c.1471_1473	GGAAGTACCTGAATCTCCTCAGAAG	AGTCTGTGGAGGTATCAACACTGGG	make_lung_met_probes
IKBKE 0bp	IKBKE 0bp	GGAGAAGACATGGACGACAACTCGC	TGCAGGATGTCACTGGTCTCCGCAA	make_lung_met_probes
ERRFI1 0bp	ERRFI1 0bp	GGAGAAGCTCTGTGTATACAACAGT	TGGATATCCTTATGGCTGGCTTGTT	make_lung_met_probes
GSK3B 0bp	GSK3B 0bp	GGAGTTGCCACCACTGTTGTCACCT	TGCTGCCGTCCTTGTCTCTGCTAAC	make_lung_met_probes
AR 0bp	AR 0bp	GGATACTGCTTCCTGCTGCTGTTGC	TGAAGGAGTTGCATGGTGCTGGCCT	make_lung_met_probes
FLT4 c.1669G>T	FLT4 c.1669G>T	GGATGGCTTGGATTCGATGGTGAAG	CGGGGATGGTGGTCACATAGAAGTA	make_lung_met_probes
PIK3CA 0bp_1	PIK3CA 0bp	GGCAATTCTGGTGAAGATTCTACAT	TTGGAGGATAGACATACATTGCTCT	make_lung_met_probes
JAK3 c.1654G>A	JAK3 c.1654G>A	GGCATCCATGACCTTCAGCAGCACC	GTCTTTCGGGCCTCCCCATCCACCA	make_lung_met_probes
RARA 0bp	RARA 0bp	GGCCTCCGCTTCCGCACGTAGACCT	TTAGCGCCTCCAGCAGCGGCTCCTG	make_lung_met_probes
NOTCH1 c.2665G>T	NOTCH1 c.2665G>T	GGCCTGGCAGTGGCAGCGGTAGCCG	GGGTGTTCTGGCAGGATGCGCCGTG	make_lung_met_probes
ARID1B 0bp	ARID1B 0bp	GGCGACATGGATGGTCCTGTCTGTT	GAGGTCCATACTGAGCCATCTGAGG	make_lung_met_probes
ETV1 c.864A>T	ETV1 c.864A>T	GGCTCTTGTTTGATGTCTCCATCGA	TCTGGGACAACACAGGTGTCATCAT	make_lung_met_probes
NOTCH2 0bp	NOTCH2 0bp	GGCTGCAGCAGGCATTCATCCACAT	CCTCTGTGCAGAACTGTCCTGTCCA	make_lung_met_probes
CDK12 0bp	CDK12 0bp	GGCTGGTGTGTAACGTTCCTCTCCT	AGCAGTAGTTCTGGAGGTCGGTACC	make_lung_met_probes
CDH1 0bp	CDH1 0bp	GGCTGTGACCTCCATCACAGAGGTT	CCTGGAAGAGCACCTTCCATGACAG	make_lung_met_probes
ALK c.1283G>T	ALK c.1283G>T	GGGCCATCTTGGAGCCTGGGGATGT	CACTGCAGTTCTTCAGGGCAAAGAA	make_lung_met_probes
ARID1A c.3415G>T	ARID1A c.3415G>T	GGGGAGTCTGGGGCCCCTGCATAGA	GATCCCGCAGGAGAGGGAGGCTGGA	make_lung_met_probes
INPP4B c.1721A>T	INPP4B c.1721A>T	GGGGATACAACTGTTCATACCAGTC	TTGGGTGAGAGGGAATGGCATCTGT	make_lung_met_probes
FLT4 c.1238G>T	FLT4 c.1238G>T	GGGGCACATTCACCACCAGCTCCAG	TGTTGCGCCTCAGGCCAGCAGCGGA	make_lung_met_probes
CCNE1 c.187del	CCNE1 c.187del	GGGGTCTGCACAGACTGCATTATTG	AAGGCTGGCTCCCACACTGGTCCCT	make_lung_met_probes
CARD11 c.2472_2473delinsAA	CARD11 c.2472_2473delinsAA	GGGTATGGTGCCCATATCCAGGTCA	TGTGAAAGGGTCGACCCGCGCGCAC	make_lung_met_probes
TP53 c.818G>A	TP53 c.818G>A	GGTCTCTCCCAGGACAGGCACAAAC	ACCTCAAAGCTGTTCCGTCCCAGTA	make_lung_met_probes
AR c.1468C>G	AR c.1468C>G	GGTGAAGTCGCTTTCCTGGCCCGCC	TGAGGGGGCCGAGTGTAGCCGTAGG	make_lung_met_probes
TET2 0bp	TET2 0bp	GGTGGTGCTGTGTGCATACAGGCAT	GTGGCTTGCATCCAGGTTCCACCTT	make_lung_met_probes
ARID1B c.4184A>T	ARID1B c.4184A>T	GGTTAGACATTGCTCCGGAGGGACT	TGTACATGTCCTGCATGCTGCTGTT	make_lung_met_probes
TET2 c.3181C>A	TET2 c.3181C>A	GGTTTGTCTAGTCAAAACTGTGACT	TGACATTTCAACTTTTACTTGCTTC	make_lung_met_probes
PTPRD c.5245A>C	PTPRD c.5245A>C	GTATTGGTGACATTTCTCTCTGCCC	ACGCAGCTTGGTGAGCATCACAACT	make_lung_met_probes
CARD11 c.1399C>A	CARD11 c.1399C>A	GTCAGCTTCTTGACCATTGGTCCTG	TGGCATCCCCAAAGTCCTGAGAGAT	make_lung_met_probes
IDH2 0bp	IDH2 0bp	GTCATGGCTCCACTCTCCACCGTCT	CCACGCACACCTTCTCCAGCATCTG	make_lung_met_probes
SLX4 c.1824G>T	SLX4 c.1824G>T	GTCCACGAGGTCCTGCAGGGCCTGG	CCCTCTGGCTGGCCGAAGGCGACGG	make_lung_met_probes
RRAS c.515C>T	RRAS c.515C>T	GTCCACGTTGAGACGCAGTTTGGCC	TCAAAGTAGGCCACGTGGTGGGAGG	make_lung_met_probes
PTPRS 0bp	PTPRS 0bp	GTCCATTGCTGGCACTAGGATCCAC	AGGCAGGAAGTCCTTGAACCAGGTG	make_lung_met_probes
GRIN2A c.3421C>A	GRIN2A c.3421C>A	GTCCGGGAAGTCCACGTTCTCGGGC	CACATTTTCAACAAACTGGGGTGGA	make_lung_met_probes
KMT2D c.11214_11222del	KMT2D c.11214_11222del	GTCCTAGAAGGTGCTGCTGCTGCTG	TGCTGCTGCAGTTTCTGGGCCAGCT	make_lung_met_probes
BCL2 0bp	BCL2 0bp	GTGAAGGGCGTCAGGTGCAGCTGGC	TGGACATCTCGGCGAAGTCGCGGCG	make_lung_met_probes
DNMT1 c.3822C>G	DNMT1 c.3822C>G	GTGAGCTTCAGGACCATGGAGCGCT	AGGAGACAAAGTTCCTGACATTCTC	make_lung_met_probes
FGFR1 c.1967C>T	FGFR1 c.1967C>T	GTGCCATCCACTTCACAGGCAGTCG	TGGTTGTCTTTTTATAGTAGTCGAT	make_lung_met_probes
AURKA c.158del	AURKA c.158del	GTGCTTGCAAAGGAATGCGCTGGGA	TTGAAGGACACAAGACCCGCTGAGC	make_lung_met_probes
CDKN2A c.167_172delinsT	CDKN2A c.167_172delinsT	GTGGAGCAGCAGCAGCTCCGCCACT	GCCCATCATCATGACCTGGATCGGC	make_lung_met_probes
INPP4B c.181A>G	INPP4B c.181A>G	GTGGATTACGGAGATCTGCACCAGT	TCAGTTTACGATCACGGACAGGAGC	make_lung_met_probes
FOXP1 c.1612G>A	FOXP1 c.1612G>A	GTGGCCTTCGTTTTTGGAATTCTAC	TCCACTGTCCATACTGCCCCTTTAA	make_lung_met_probes
PGBD5 c.899G>T	PGBD5 c.899G>T	GTGGGAGGCCGGTGCAGTCACTCTT	AGCAAGCCGCAGCAGTAAATCCCTT	make_lung_met_probes
RET 0bp	RET 0bp	GTGTCCTCCTGGATGCAGATCCAGT	TGTTCTCATGCAGCCGTGTGCGGTA	make_lung_met_probes
ERRFI1 c.1022dup	ERRFI1 c.1022dup	GTGTCGGGGGCATGACCCCATTGAG	ACGGAAGGCTTTTGGGACTCGGTGT	make_lung_met_probes
PBRM1 0bp	PBRM1 0bp	GTGTGAAGGACCTGTCAGTCTGGCT	GCAGCCAAGTTGGATGGAGTCCTCA	make_lung_met_probes
GRIN2A 0bp	GRIN2A 0bp	GTGTGGTCTGGCAAGAGAGACTTGC	TCCTCTTGCTGTCCTCCAGACCTTG	make_lung_met_probes
CCNE1 c.1120_1122	CCNE1 c.1120_1122	GTTCAGACAACATGGCTTTCTTTGC	TTTGTCCAGCAAATCCAAGCTGTCT	make_lung_met_probes
EPHA3 0bp	EPHA3 0bp	GTTGACAGGACCTACTTCTCTAATC	TCAGTGTTGAGCTTCAGAATACGGT	make_lung_met_probes
PMS2 c.777T>A	PMS2 c.777T>A	TAAAAAAGATTATGCAGAGCATCGG	AGCTCAAACCGTACTCTTCACACAC	make_lung_met_probes
U2AF1 c.101C>T	U2AF1 c.101C>T	TAAACGTCGGTTTATTGTGCAACCG	ACCTGTCTCCATGACGACATGCTCC	make_lung_met_probes
BRIP1 c.752G>A	BRIP1 c.752G>A	TAATCTGAGCAATCTGCTTGTGTGT	GTCCCAAAATATATTTTGGGTATCT	make_lung_met_probes
BTK c.973G>T	BTK c.973G>T	TAATGACGTATCACCCCTTGAGGGT	GTGGATTTAGCAAACACAGACACTG	make_lung_met_probes
PIK3CB c.2704A>G	PIK3CB c.2704A>G	TACACAGTAGCCAGCACAGGACAGT	TTCCTCAATGGCTCGGTCCAGGTCA	make_lung_met_probes
AURKA 0bp	AURKA 0bp	TACACTGGTTGCCTGCAATTGCTTC	TGCTTCTGATTCTGAACCGGCTTGT	make_lung_met_probes
SDHC 0bp	SDHC 0bp	TACAGAGCTGAGGGCTAAAGTGGGC	TCGGAGGCAATGACGACCAACGTGT	make_lung_met_probes
TET2 c.1081C>T	TET2 c.1081C>T	TACCGTTCAGAGCTGCCACCAGGAG	AAATTGCTGCTGGAACCTGAACAGA	make_lung_met_probes
BRAF 0bp	BRAF 0bp	TACTCTTGAGGTCTCTGTGGATGAT	TGACTTGGCGTGTAAGTAATCCATG	make_lung_met_probes
NFE2L2 c.83T>G	NFE2L2 c.83T>G	TACTTCTCGACTTACTCCAAGATCT	CTTGCCTCCAAAGTATGTCAATCAA	make_lung_met_probes
ERBB4 0bp	ERBB4 0bp	TACTTGCGCAAGGCTCGGTACTGCT	GTTCCAGGTCAGAGAGAGAGCTCAG	make_lung_met_probes
STAT3 0bp	STAT3 0bp	TAGAGCTGATGGAGCTGCTCCAGGT	ACCGTGTGTCAAGCTGCTGTAGCTG	make_lung_met_probes
PTEN c.310T>G	PTEN c.310T>G	TAGCCATTGGTCAAGATCTTCACAA	TTTGATAAGTTCTAGCTGTGGTGGG	make_lung_met_probes
GSK3B c.637_639	GSK3B c.637_639	TAGTACCGAGAACAGATATACGAAA	TTCTCCTCGGACCAGCTGCTTTGCA	make_lung_met_probes
PTPRD c.5677T>A	PTPRD c.5677T>A	TAGTGCGGCACGATAGGAAAACTGA	TGATCCTCTGTCTGTACCATAGCTG	make_lung_met_probes
ATM c.2611G>T	ATM c.2611G>T	TATGGTACTTTGGCTCTCTCCAGGT	TGCATCACTAACACTACTATCAGGG	make_lung_met_probes
KMT2C c.1664T>A	KMT2C c.1664T>A	TATTAGCTGCCTGCTCTGAGAATAC	TTGATCTTCAGGGCCTTCAACTTCC	make_lung_met_probes
XRCC2 c.820G>T		TCAACAAAATTCAACCCCACTTT	AATAATAAAAAAATGTTTTTTTAAA	make_short_lung_met_probe
PLCG2 c.148_150	PLCG2 c.148_150	TCAGCGGTCTTGCTCCAGGCCACCT	CTCCATGATCACCTGGACGGTTCTC	make_lung_met_probes
PREX2 c.1371G>T	PREX2 c.1371G>T	TCATCATAGCGAAATCTATATAACA	TCTGGTTTGAATTGATGTTTATCAG	make_lung_met_probes
BTK c.1296C>G	BTK c.1296C>G	TCATCTTCAGACATGGAGCCTTCTT	TCATCTTGATGGCCACGTCGTACTG	make_lung_met_probes
SHOC2 c.1549_1551	SHOC2 c.1549_1551	TCATTCAAATACAGTTCTTCTAGGT	AGTGTACCAATTTCTTCAGGAAGGT	make_lung_met_probes
MYD88 c.794T>C	MYD88 c.794T>C	TCATTGCCTTGTACTTGATGGGGAT	CGCTTCTGATGGGCACCTGGAGAGA	make_lung_met_probes
PIK3CG c.611C>G	PIK3CG c.611C>G	TCCACAGGTACTCCGGGAGGGGCTT	TCACCCACGGGTGCATGGCGTAGAG	make_lung_met_probes
ALK 0bp	ALK 0bp	TCCACGGACTCAGGATGGTGTGCTT	GGAGTCAGCTGAGGTGTTGAGAAGG	make_lung_met_probes
TGFBR1 0bp	TGFBR1 0bp	TCCAGCAATGACAGCTGCCAGTTCC	ACAGGACCAAGGCCAGGTGATGACT	make_lung_met_probes
TP53 c.745_747	TP53 c.745_747	TCCAGTGTGATGATGGTGAGGATGG	TCATGCCGCCCATGCAGGAACTGTT	make_lung_met_probes
BTK 0bp	BTK 0bp	TCCATGGCTTCACAGACATCCTTGC	ACATCTCTAGCAGCTGCTGAGTCTG	make_lung_met_probes
STK11 0bp	STK11 0bp	TCCGGAACCAGCTGTGCTGCCGGAT	CTGCCGGATGGAGAACCTCTTGGCC	make_lung_met_probes
BRCA1 c.1593G>A	BRCA1 c.1593G>A	TCCGTTTGGTTAGTTCCCTGATTTA	TCAGGAGTCTTTTGAACTGCCAAAT	make_lung_met_probes
PIK3C3 0bp	PIK3C3 0bp	TCCTATCTTAAGCTGGACGTTGATA	TCCAGGTCACAACTATAGATGTAGT	make_lung_met_probes
PTPRD c.955G>T	PTPRD c.955G>T	TCCTGGAGGTTTGGGTAAGGCTTTG	GATCTGTGCTATTGCTTCAATGACA	make_lung_met_probes
CARD11 c.3292_3294	CARD11 c.3292_3294	TCCTTCAGCCGGCACACGCGCAGGA	TCCTCCGTCTCAGGTCGGGGCAGCA	make_lung_met_probes
NUP93 c.1053G>T	NUP93 c.1053G>T	TCCTTGCTGTTCATGTACTCCTGGA	AGGTTTTAAACTCTCCCAGCTGGTG	make_lung_met_probes
KRAS c.34_35	KRAS c.34_35	TCGTCAAGGCACTCTTGCCTACGCC	TCCAACTACCACAAGTTTATATTCA	make_lung_met_probes
HGF c.1480C>G	HGF c.1480C>G	TCGTGTTGGAATCCCATTTACAACT	TTGTTTCGTTTTGGCACAAGATATT	make_lung_met_probes
KDR 0bp	KDR 0bp	TCGTTGGCGCACTCTTCCTCCAACT	GCCAATACCAGTGGATGTGATGCGG	make_lung_met_probes
AKT3 c.224_225delinsTT	AKT3 c.224_225delinsTT	TCTATAACAGTAGTCCACTGGAGAC	GATTATAAATGTGTTTGGCTTTGGT	make_lung_met_probes
IGF2 c.233G>A	IGF2 c.233G>A	TCTCACTGGGGCGGTAAGCAGCAAT	ACGAGGCGAAGGCCAAGAAGGTGAG	make_lung_met_probes
SETDB1 c.1205A>G	SETDB1 c.1205A>G	TCTCCAGTGCAGAGGCTGAGGATGT	TGCTGAACATGGGCTCCAGCCGTGT	make_lung_met_probes
PTPRD c.3100G>T	PTPRD c.3100G>T	TCTCTGGAATCTCCCAAGACAGCAA	AAGTCTTCATTACTGCTTTGACATG	make_lung_met_probes
EGFR c.2573T>G	EGFR c.2573T>G	TCTCTTCCGCACCCAGCAGTTTGGC	AAAATCTGTGATCTTGACATGCTGC	make_lung_met_probes
AKT3 0bp	AKT3 0bp	TCTCTTCCTCTCCTATATTATCAAT	TTGTGAAGTTGGACTACAATTCATT	make_lung_met_probes
ETV1 0bp	ETV1 0bp	TCTGGCGTTGGTACATAGGACGTCC	TTCCCTTGGCATCGTCGGCAAAGGA	make_lung_met_probes
GATA2 0bp	GATA2 0bp	TCTTCATGGTCAGTGGCCTGTTAAC	ATTGTGCAGCTTGTAGTAGAGGCCA	make_lung_met_probes
SMARCA4 c.2918G>T	SMARCA4 c.2918G>T	TCTTGAGTCGTCGGAGCAAGAAGGG	AGCACTTTGTGGAGACGCCGGATGA	make_lung_met_probes
KEAP1 c.212G>C	KEAP1 c.212G>C	TGACGTCACACAGCTGCTGGCTGAG	AGCTCGTTCATGATGCCAAAGGCCT	make_lung_met_probes
TP53 c.473G>T	TP53 c.473G>T	TGACTGCTTGTAGATGGCCATGGCG	TGCCGGGCGGGGGTGTGGAATCAAC	make_lung_met_probes
NKX3-1 c.53C>T	NKX3-1 c.53C>T	TGAGCGGCTTGGACGGGGTCGGCGG	TCCGCTTTCGCCTCCCCGGGCCGCG	make_lung_met_probes
PIK3CB 0bp	PIK3CB 0bp	TGATACCTCTGAGCTTACGATGGTT	TTACACAGGAGCTCAGTACCATGAA	make_lung_met_probes
MDM4 0bp	MDM4 0bp	TGATCCTGTGCGAGAGCGAGAGTCT	GAGCAGCATCTGTAGTAGCAGTGGC	make_lung_met_probes
POLE c.5560G>A	POLE c.5560G>A	TGATGACCCCAGGCGCTTGAACTCA	GAGCTGCAGGAAGAGCTTCTTCATC	make_lung_met_probes
PIK3C3 c.951G>T	PIK3C3 c.951G>T	TGATTCGTAAGATAATATCTAAACT	AAACAAGATCTTGTTCTTCATATGT	make_lung_met_probes
NSD1 c.5660C>T	NSD1 c.5660C>T	TGCAACGGGGTATTTCAGATAAGTC	AGTGAAGATCTGTACCCTGCCAATA	make_lung_met_probes
PTPRD 0bp	PTPRD 0bp	TGCCAGGACAGGTGGTTGCCAAGAT	AACTGGACGGAGGTTGAAGTGGTGC	make_lung_met_probes
FGFR1 0bp	FGFR1 0bp	TGCCAGGTCTCGGTGTATGCACTTC	TTGGAGGCCAGATACTCCATGCCTC	make_lung_met_probes
INPPL1 c.3573del	INPPL1 c.3573del	TGCCTGCCTCGCCCAGCCCGCTGGC	TGCAGGCACGGAGCCTCCTCTGCCA	make_lung_met_probes
ARID1A c.172del	ARID1A c.172del	TGCGGCGGCCCCACGGCGGGGCCCT	CCTGCCCGGCGGCTGCCTTCATTTC	make_lung_met_probes
SETDB1 0bp	SETDB1 0bp	TGCTCTTCTTGTTGACAGCATCCAT	GAACTTCTGAACATCTTGAGCTGAC	make_lung_met_probes
MYC c.937_939	MYC c.937_939	TGCTGATGTGTGGAGACGTGGCACC	AGGACCAGTGGGCTGTGAGGAGGTT	make_lung_met_probes
RPTOR c.2615A>G	RPTOR c.2615A>G	TGCTGGACGCCGGAGGGGAGCCCCC	ATGTGCACGCCCTTGTTGGTGGGGC	make_lung_met_probes
CTNNB1 0bp	CTNNB1 0bp	TGCTTCTTGGTGTCGGCTGGTCAGA	TGACGAAGAGCACAGATGGCAGGCT	make_lung_met_probes
FOXP1 0bp	FOXP1 0bp	TGGAAGCGGTAGTGTATAGAGGTAT	ACTATTCTCAGCCATTGAAGCCTGT	make_lung_met_probes
EPHA3 c.1564C>T	EPHA3 c.1564C>T	TGGACTAGTTTCAAACTCAAACTTG	GTTCGTCCCATATCCAGCGGCTGTT	make_lung_met_probes
AGO2 0bp	AGO2 0bp	TGGAGAACCTGCTGGAACTGGCCTT	CAGAGACACCGTCGCGGTAGAAGAT	make_lung_met_probes
TET2 c.4861C>T	TET2 c.4861C>T	TGGATATTGGGTATTCTGATTCAAA	AGGGTAAGGGTTCATGGGATTAGAA	make_lung_met_probes
BRCA1 c.4636G>A	BRCA1 c.4636G>A	TGGCAAGTAAGATGTTTCCGTCAAA	GTGGCCCAGACTCTTCCAGCTGTTG	make_lung_met_probes
CDH1 c.2380G>T	CDH1 c.2380G>T	TGGCAGGGCGGGGAAGATACCGGGG	TCATGAGGGTTGGTGCAACGTCGTT	make_lung_met_probes
KRAS c.182A>T	KRAS c.182A>T	TGGTCCCTCATTGCACTGTACTCCT	ACCTGCTGTGTCGAGAATATCCAAG	make_lung_met_probes
RARA c.823A>C	RARA c.823A>C	TGGTGTCCTGCTCGGGCGTGTACCG	AGATCCGCAGGATCAGGATGTCCAG	make_lung_met_probes
ATM c.6056A>G	ATM c.6056A>G	TGTAACATCTTCCCTCCACCACAGC	AAACTATCTGGCTCCCCTATACTTC	make_lung_met_probes
RB1 c.1032G>T	RB1 c.1032G>T	TGTTTCAAAACTGTCTATAGAATCA	GAAGAGTTTTATCATGATCCAAAAA	make_lung_met_probes
HIST1H3D c.386G>A	HIST1H3D c.386G>A	TTACGCCCTCTCCCCACGAATGCGG	AAGCTGGATGTCCTTGGGCATGATA	make_lung_met_probes
PTPRT c.348C>G	PTPRT c.348C>G	TTCACGTAGACGTTCAAGGCCCCTG	TGGACCTGTCACGGCTGGAGAAGTA	make_lung_met_probes
INPP4B c.2735A>T	INPP4B c.2735A>T	TTCCATAAGTCCCCTCTGGAGGTCT	ACTTGGGGAAAGCCATCAGCTGTAG	make_lung_met_probes
TP53 0bp_1	TP53 0bp	TTCCCAGCCTGGGCATCCTTGAGTT	CCAAGGCCTCATTCAGCTCTCGGAA	make_lung_met_probes
ATM c.8198A>C	ATM c.8198A>C	TTCTCTGCAGTAATGTATTACACAT	AAGACCTGTTGCATGACAGCATCTT	make_lung_met_probes
PTPRD c.1549G>A	PTPRD c.1549G>A	TTCTGCTTTGAAGTTTAGTGGCTGC	GGTACTCCTGTCTGAGTGATGACTT	make_lung_met_probes
EPHA5 c.1918G>T	EPHA5 c.1918G>T	TTCTTACTCCTGGCAGTTTAATGTG	TATGAAAATGCATCTTTTCCTCTTC	make_lung_met_probes
RBM10 c.2116C>T	RBM10 c.2116C>T	TTGAGCTGTCTTGGTCTTGTGCTTC	TTCTTCTCTTTGCCCTCCTTCGAGG	make_lung_met_probes
TGFBR1 c.1477_1479	TGFBR1 c.1477_1479	TTGATGCCTTCCTGTTGACTGAGTT	AATGTTTTCTTAATCCGCAATGCTG	make_lung_met_probes
DROSHA c.4060G>C	DROSHA c.4060G>C	TTGATGCTCTCTTTCCCACCTCATT	TAACTCTTGTCTGTACTTCCGTTCG	make_lung_met_probes
SPOP c.705G>T	SPOP c.705G>T	TTGATTTCAACTCGATTCTTTTTGC	TCCATTTCATGTTCAAACATGGCAC	make_lung_met_probes
FAT1 c.13224G>T	FAT1 c.13224G>T	TTGGATCTGCTGAGTACAGGGGTGT	CATCAATCACCTCATAGTTGGGGAA	make_lung_met_probes
STK11 c.256C>T	STK11 c.256C>T	TTGGCCTCCCCGTTGGGGATCCTTC	TTCTTCTTCTTGAGGATCTTGACGG	make_lung_met_probes
TSHR 0bp	TSHR 0bp	TTGTAGAAGGAGTGTGATTCCAGCT	GCTGCAGAGTCACATCTATAGATAC	make_lung_met_probes
STAT3 c.853G>C	STAT3 c.853G>C	TTGTAGGAAACTTTTTGCTGCAACT	AGTTTCTTAATTTGTTGACGGGTCT	make_lung_met_probes
KMT2B 0bp	KMT2B 0bp	TTGTCACAGCTGCTTCTGCCACCAC	TACTGCTTGCTGCTTCCTCCTGCAG	make_lung_met_probes
AMER1 c.469_471	AMER1 c.469_471	TTTGGCTTGGGCATAGAGGGAAACT	ACAGCTTTCTCTGTGGCTCCAGCCA	make_lung_met_probes
